Name,SRM_Email_ID,Password,Subject,Internal_Marks,Attendance_Percentage
Saanvi Menon,sm7050@srmist.edu.in,L@8aqXoF,UHV-II,53,54.71
Saanvi Menon,sm7050@srmist.edu.in,L@8aqXoF,COMPUTER ORGANIZATION AND ARCHITECTURE,53,65.9
Saanvi Menon,sm7050@srmist.edu.in,L@8aqXoF,ADVANCED PROGRAMMING PRACTICE,48,90.58
Saanvi Menon,sm7050@srmist.edu.in,L@8aqXoF,DATA STRUCTURES AND ALGORITHMS,35,80.75
Saanvi Menon,sm7050@srmist.edu.in,L@8aqXoF,DATA STRUCTURES AND ALGORITHMS LAB,41,96.91
Saanvi Menon,sm7050@srmist.edu.in,L@8aqXoF,PROFESSIONAL ETHICS,38,64.74
Saanvi Menon,sm7050@srmist.edu.in,L@8aqXoF,OBJECT ORIENTED DESIGN AND PROGRAMMING,41,93.22
Saanvi Menon,sm7050@srmist.edu.in,L@8aqXoF,RASPBERRY PI FUNDAMENTALS,47,70.73
Krishna Khatri,kk4969@srmist.edu.in,*UK$Ro&N,UHV-II,48,81.93
Krishna Khatri,kk4969@srmist.edu.in,*UK$Ro&N,COMPUTER ORGANIZATION AND ARCHITECTURE,36,84.49
Krishna Khatri,kk4969@srmist.edu.in,*UK$Ro&N,ADVANCED PROGRAMMING PRACTICE,56,75.53
Krishna Khatri,kk4969@srmist.edu.in,*UK$Ro&N,DATA STRUCTURES AND ALGORITHMS,32,58.55
Krishna Khatri,kk4969@srmist.edu.in,*UK$Ro&N,DATA STRUCTURES AND ALGORITHMS LAB,46,98.93
Krishna Khatri,kk4969@srmist.edu.in,*UK$Ro&N,PROFESSIONAL ETHICS,54,55.04
Krishna Khatri,kk4969@srmist.edu.in,*UK$Ro&N,OBJECT ORIENTED DESIGN AND PROGRAMMING,46,64.42
Krishna Khatri,kk4969@srmist.edu.in,*UK$Ro&N,RASPBERRY PI FUNDAMENTALS,45,70.73
Saanvi Sharma,ss3092@srmist.edu.in,0Nb3SqRa,UHV-II,57,67.6
Saanvi Sharma,ss3092@srmist.edu.in,0Nb3SqRa,COMPUTER ORGANIZATION AND ARCHITECTURE,34,97.01
Saanvi Sharma,ss3092@srmist.edu.in,0Nb3SqRa,ADVANCED PROGRAMMING PRACTICE,42,62.57
Saanvi Sharma,ss3092@srmist.edu.in,0Nb3SqRa,DATA STRUCTURES AND ALGORITHMS,53,69.83
Saanvi Sharma,ss3092@srmist.edu.in,0Nb3SqRa,DATA STRUCTURES AND ALGORITHMS LAB,44,85.43
Saanvi Sharma,ss3092@srmist.edu.in,0Nb3SqRa,PROFESSIONAL ETHICS,33,55.33
Saanvi Sharma,ss3092@srmist.edu.in,0Nb3SqRa,OBJECT ORIENTED DESIGN AND PROGRAMMING,52,53.71
Saanvi Sharma,ss3092@srmist.edu.in,0Nb3SqRa,RASPBERRY PI FUNDAMENTALS,56,99.4
Manish Basak,mb7764@srmist.edu.in,qRc$fQtL,UHV-II,59,50.66
Manish Basak,mb7764@srmist.edu.in,qRc$fQtL,COMPUTER ORGANIZATION AND ARCHITECTURE,59,76.28
Manish Basak,mb7764@srmist.edu.in,qRc$fQtL,ADVANCED PROGRAMMING PRACTICE,46,77.83
Manish Basak,mb7764@srmist.edu.in,qRc$fQtL,DATA STRUCTURES AND ALGORITHMS,49,79.09
Manish Basak,mb7764@srmist.edu.in,qRc$fQtL,DATA STRUCTURES AND ALGORITHMS LAB,38,61.33
Manish Basak,mb7764@srmist.edu.in,qRc$fQtL,PROFESSIONAL ETHICS,37,89.27
Manish Basak,mb7764@srmist.edu.in,qRc$fQtL,OBJECT ORIENTED DESIGN AND PROGRAMMING,34,60.67
Manish Basak,mb7764@srmist.edu.in,qRc$fQtL,RASPBERRY PI FUNDAMENTALS,43,56.59
Vihaan Reddy,vr4749@srmist.edu.in,E8NVJfq6,UHV-II,32,76.08
Vihaan Reddy,vr4749@srmist.edu.in,E8NVJfq6,COMPUTER ORGANIZATION AND ARCHITECTURE,32,74.96
Vihaan Reddy,vr4749@srmist.edu.in,E8NVJfq6,ADVANCED PROGRAMMING PRACTICE,52,83.11
Vihaan Reddy,vr4749@srmist.edu.in,E8NVJfq6,DATA STRUCTURES AND ALGORITHMS,51,52.87
Vihaan Reddy,vr4749@srmist.edu.in,E8NVJfq6,DATA STRUCTURES AND ALGORITHMS LAB,42,66.28
Vihaan Reddy,vr4749@srmist.edu.in,E8NVJfq6,PROFESSIONAL ETHICS,35,53.36
Vihaan Reddy,vr4749@srmist.edu.in,E8NVJfq6,OBJECT ORIENTED DESIGN AND PROGRAMMING,46,55.41
Vihaan Reddy,vr4749@srmist.edu.in,E8NVJfq6,RASPBERRY PI FUNDAMENTALS,59,97.29
Sneha Kumar,sk9713@srmist.edu.in,o7$AN9d@,UHV-II,59,58.13
Sneha Kumar,sk9713@srmist.edu.in,o7$AN9d@,COMPUTER ORGANIZATION AND ARCHITECTURE,41,77.04
Sneha Kumar,sk9713@srmist.edu.in,o7$AN9d@,ADVANCED PROGRAMMING PRACTICE,48,88.53
Sneha Kumar,sk9713@srmist.edu.in,o7$AN9d@,DATA STRUCTURES AND ALGORITHMS,31,62.51
Sneha Kumar,sk9713@srmist.edu.in,o7$AN9d@,DATA STRUCTURES AND ALGORITHMS LAB,45,75.73
Sneha Kumar,sk9713@srmist.edu.in,o7$AN9d@,PROFESSIONAL ETHICS,51,53.79
Sneha Kumar,sk9713@srmist.edu.in,o7$AN9d@,OBJECT ORIENTED DESIGN AND PROGRAMMING,59,72.15
Sneha Kumar,sk9713@srmist.edu.in,o7$AN9d@,RASPBERRY PI FUNDAMENTALS,49,56.93
Krishna Singh,ks9647@srmist.edu.in,%!j9vxiC,UHV-II,35,86.23
Krishna Singh,ks9647@srmist.edu.in,%!j9vxiC,COMPUTER ORGANIZATION AND ARCHITECTURE,52,78.48
Krishna Singh,ks9647@srmist.edu.in,%!j9vxiC,ADVANCED PROGRAMMING PRACTICE,36,74.79
Krishna Singh,ks9647@srmist.edu.in,%!j9vxiC,DATA STRUCTURES AND ALGORITHMS,50,54.56
Krishna Singh,ks9647@srmist.edu.in,%!j9vxiC,DATA STRUCTURES AND ALGORITHMS LAB,60,85.72
Krishna Singh,ks9647@srmist.edu.in,%!j9vxiC,PROFESSIONAL ETHICS,52,63.64
Krishna Singh,ks9647@srmist.edu.in,%!j9vxiC,OBJECT ORIENTED DESIGN AND PROGRAMMING,40,58.75
Krishna Singh,ks9647@srmist.edu.in,%!j9vxiC,RASPBERRY PI FUNDAMENTALS,37,84.58
Kavya Verma,kv7912@srmist.edu.in,leA5HZH6,UHV-II,43,57.71
Kavya Verma,kv7912@srmist.edu.in,leA5HZH6,COMPUTER ORGANIZATION AND ARCHITECTURE,39,83.88
Kavya Verma,kv7912@srmist.edu.in,leA5HZH6,ADVANCED PROGRAMMING PRACTICE,47,97.22
Kavya Verma,kv7912@srmist.edu.in,leA5HZH6,DATA STRUCTURES AND ALGORITHMS,34,79.02
Kavya Verma,kv7912@srmist.edu.in,leA5HZH6,DATA STRUCTURES AND ALGORITHMS LAB,45,89.47
Kavya Verma,kv7912@srmist.edu.in,leA5HZH6,PROFESSIONAL ETHICS,36,68.28
Kavya Verma,kv7912@srmist.edu.in,leA5HZH6,OBJECT ORIENTED DESIGN AND PROGRAMMING,46,98.66
Kavya Verma,kv7912@srmist.edu.in,leA5HZH6,RASPBERRY PI FUNDAMENTALS,34,88.91
Abhinav Desai,ad8401@srmist.edu.in,qtwGJGo1,UHV-II,45,79.51
Abhinav Desai,ad8401@srmist.edu.in,qtwGJGo1,COMPUTER ORGANIZATION AND ARCHITECTURE,32,87.98
Abhinav Desai,ad8401@srmist.edu.in,qtwGJGo1,ADVANCED PROGRAMMING PRACTICE,57,83.23
Abhinav Desai,ad8401@srmist.edu.in,qtwGJGo1,DATA STRUCTURES AND ALGORITHMS,56,51.19
Abhinav Desai,ad8401@srmist.edu.in,qtwGJGo1,DATA STRUCTURES AND ALGORITHMS LAB,40,51.88
Abhinav Desai,ad8401@srmist.edu.in,qtwGJGo1,PROFESSIONAL ETHICS,39,52.37
Abhinav Desai,ad8401@srmist.edu.in,qtwGJGo1,OBJECT ORIENTED DESIGN AND PROGRAMMING,40,88.48
Abhinav Desai,ad8401@srmist.edu.in,qtwGJGo1,RASPBERRY PI FUNDAMENTALS,32,60.47
Dev Banerjee,db1370@srmist.edu.in,QRxjfi&M,UHV-II,56,88.64
Dev Banerjee,db1370@srmist.edu.in,QRxjfi&M,COMPUTER ORGANIZATION AND ARCHITECTURE,34,51.73
Dev Banerjee,db1370@srmist.edu.in,QRxjfi&M,ADVANCED PROGRAMMING PRACTICE,51,89.17
Dev Banerjee,db1370@srmist.edu.in,QRxjfi&M,DATA STRUCTURES AND ALGORITHMS,40,69.92
Dev Banerjee,db1370@srmist.edu.in,QRxjfi&M,DATA STRUCTURES AND ALGORITHMS LAB,44,54.07
Dev Banerjee,db1370@srmist.edu.in,QRxjfi&M,PROFESSIONAL ETHICS,55,52.07
Dev Banerjee,db1370@srmist.edu.in,QRxjfi&M,OBJECT ORIENTED DESIGN AND PROGRAMMING,41,51.35
Dev Banerjee,db1370@srmist.edu.in,QRxjfi&M,RASPBERRY PI FUNDAMENTALS,46,61.47
Pranav Iyer,pi0584@srmist.edu.in,gYjS%*gM,UHV-II,54,65.38
Pranav Iyer,pi0584@srmist.edu.in,gYjS%*gM,COMPUTER ORGANIZATION AND ARCHITECTURE,54,51.64
Pranav Iyer,pi0584@srmist.edu.in,gYjS%*gM,ADVANCED PROGRAMMING PRACTICE,42,95.83
Pranav Iyer,pi0584@srmist.edu.in,gYjS%*gM,DATA STRUCTURES AND ALGORITHMS,42,97.44
Pranav Iyer,pi0584@srmist.edu.in,gYjS%*gM,DATA STRUCTURES AND ALGORITHMS LAB,54,93.98
Pranav Iyer,pi0584@srmist.edu.in,gYjS%*gM,PROFESSIONAL ETHICS,45,80.18
Pranav Iyer,pi0584@srmist.edu.in,gYjS%*gM,OBJECT ORIENTED DESIGN AND PROGRAMMING,30,85.28
Pranav Iyer,pi0584@srmist.edu.in,gYjS%*gM,RASPBERRY PI FUNDAMENTALS,34,61.41
Rohan Kulkarni,rk7593@srmist.edu.in,#7KBYmTF,UHV-II,31,63.37
Rohan Kulkarni,rk7593@srmist.edu.in,#7KBYmTF,COMPUTER ORGANIZATION AND ARCHITECTURE,56,80.3
Rohan Kulkarni,rk7593@srmist.edu.in,#7KBYmTF,ADVANCED PROGRAMMING PRACTICE,42,76.01
Rohan Kulkarni,rk7593@srmist.edu.in,#7KBYmTF,DATA STRUCTURES AND ALGORITHMS,38,83.95
Rohan Kulkarni,rk7593@srmist.edu.in,#7KBYmTF,DATA STRUCTURES AND ALGORITHMS LAB,40,54.84
Rohan Kulkarni,rk7593@srmist.edu.in,#7KBYmTF,PROFESSIONAL ETHICS,43,94.45
Rohan Kulkarni,rk7593@srmist.edu.in,#7KBYmTF,OBJECT ORIENTED DESIGN AND PROGRAMMING,30,89.35
Rohan Kulkarni,rk7593@srmist.edu.in,#7KBYmTF,RASPBERRY PI FUNDAMENTALS,52,67.55
Mohan Shukla,ms8144@srmist.edu.in,UxCSt6@0,UHV-II,43,95.17
Mohan Shukla,ms8144@srmist.edu.in,UxCSt6@0,COMPUTER ORGANIZATION AND ARCHITECTURE,31,77.04
Mohan Shukla,ms8144@srmist.edu.in,UxCSt6@0,ADVANCED PROGRAMMING PRACTICE,37,78.59
Mohan Shukla,ms8144@srmist.edu.in,UxCSt6@0,DATA STRUCTURES AND ALGORITHMS,44,90.06
Mohan Shukla,ms8144@srmist.edu.in,UxCSt6@0,DATA STRUCTURES AND ALGORITHMS LAB,32,70.62
Mohan Shukla,ms8144@srmist.edu.in,UxCSt6@0,PROFESSIONAL ETHICS,58,52.95
Mohan Shukla,ms8144@srmist.edu.in,UxCSt6@0,OBJECT ORIENTED DESIGN AND PROGRAMMING,55,56.69
Mohan Shukla,ms8144@srmist.edu.in,UxCSt6@0,RASPBERRY PI FUNDAMENTALS,38,74.78
Vihaan Sharma,vs8825@srmist.edu.in,6k%20rer,UHV-II,43,51.89
Vihaan Sharma,vs8825@srmist.edu.in,6k%20rer,COMPUTER ORGANIZATION AND ARCHITECTURE,46,70.41
Vihaan Sharma,vs8825@srmist.edu.in,6k%20rer,ADVANCED PROGRAMMING PRACTICE,50,64.62
Vihaan Sharma,vs8825@srmist.edu.in,6k%20rer,DATA STRUCTURES AND ALGORITHMS,51,80.69
Vihaan Sharma,vs8825@srmist.edu.in,6k%20rer,DATA STRUCTURES AND ALGORITHMS LAB,38,94.47
Vihaan Sharma,vs8825@srmist.edu.in,6k%20rer,PROFESSIONAL ETHICS,59,82.07
Vihaan Sharma,vs8825@srmist.edu.in,6k%20rer,OBJECT ORIENTED DESIGN AND PROGRAMMING,60,85.98
Vihaan Sharma,vs8825@srmist.edu.in,6k%20rer,RASPBERRY PI FUNDAMENTALS,46,66.13
Dev Kulkarni,dk0837@srmist.edu.in,oh2!u5X!,UHV-II,59,69.1
Dev Kulkarni,dk0837@srmist.edu.in,oh2!u5X!,COMPUTER ORGANIZATION AND ARCHITECTURE,39,59.2
Dev Kulkarni,dk0837@srmist.edu.in,oh2!u5X!,ADVANCED PROGRAMMING PRACTICE,60,85.81
Dev Kulkarni,dk0837@srmist.edu.in,oh2!u5X!,DATA STRUCTURES AND ALGORITHMS,49,64.53
Dev Kulkarni,dk0837@srmist.edu.in,oh2!u5X!,DATA STRUCTURES AND ALGORITHMS LAB,53,57.25
Dev Kulkarni,dk0837@srmist.edu.in,oh2!u5X!,PROFESSIONAL ETHICS,51,62.31
Dev Kulkarni,dk0837@srmist.edu.in,oh2!u5X!,OBJECT ORIENTED DESIGN AND PROGRAMMING,60,88.45
Dev Kulkarni,dk0837@srmist.edu.in,oh2!u5X!,RASPBERRY PI FUNDAMENTALS,35,65.63
Karthik Chatterjee,kc1225@srmist.edu.in,TcTyTmIE,UHV-II,39,67.79
Karthik Chatterjee,kc1225@srmist.edu.in,TcTyTmIE,COMPUTER ORGANIZATION AND ARCHITECTURE,45,85.74
Karthik Chatterjee,kc1225@srmist.edu.in,TcTyTmIE,ADVANCED PROGRAMMING PRACTICE,51,88.86
Karthik Chatterjee,kc1225@srmist.edu.in,TcTyTmIE,DATA STRUCTURES AND ALGORITHMS,54,55.06
Karthik Chatterjee,kc1225@srmist.edu.in,TcTyTmIE,DATA STRUCTURES AND ALGORITHMS LAB,47,93.22
Karthik Chatterjee,kc1225@srmist.edu.in,TcTyTmIE,PROFESSIONAL ETHICS,42,79.7
Karthik Chatterjee,kc1225@srmist.edu.in,TcTyTmIE,OBJECT ORIENTED DESIGN AND PROGRAMMING,54,93.99
Karthik Chatterjee,kc1225@srmist.edu.in,TcTyTmIE,RASPBERRY PI FUNDAMENTALS,54,93.57
Akash Singh,as7256@srmist.edu.in,Eq0!4%pw,UHV-II,57,98.04
Akash Singh,as7256@srmist.edu.in,Eq0!4%pw,COMPUTER ORGANIZATION AND ARCHITECTURE,32,69.28
Akash Singh,as7256@srmist.edu.in,Eq0!4%pw,ADVANCED PROGRAMMING PRACTICE,33,91.02
Akash Singh,as7256@srmist.edu.in,Eq0!4%pw,DATA STRUCTURES AND ALGORITHMS,37,95.87
Akash Singh,as7256@srmist.edu.in,Eq0!4%pw,DATA STRUCTURES AND ALGORITHMS LAB,55,74.5
Akash Singh,as7256@srmist.edu.in,Eq0!4%pw,PROFESSIONAL ETHICS,51,81.98
Akash Singh,as7256@srmist.edu.in,Eq0!4%pw,OBJECT ORIENTED DESIGN AND PROGRAMMING,39,95.55
Akash Singh,as7256@srmist.edu.in,Eq0!4%pw,RASPBERRY PI FUNDAMENTALS,48,73.87
Shruti Pillai,sp6194@srmist.edu.in,RB11HNS9,UHV-II,41,88.34
Shruti Pillai,sp6194@srmist.edu.in,RB11HNS9,COMPUTER ORGANIZATION AND ARCHITECTURE,59,73.87
Shruti Pillai,sp6194@srmist.edu.in,RB11HNS9,ADVANCED PROGRAMMING PRACTICE,57,70.57
Shruti Pillai,sp6194@srmist.edu.in,RB11HNS9,DATA STRUCTURES AND ALGORITHMS,36,99.11
Shruti Pillai,sp6194@srmist.edu.in,RB11HNS9,DATA STRUCTURES AND ALGORITHMS LAB,40,87.04
Shruti Pillai,sp6194@srmist.edu.in,RB11HNS9,PROFESSIONAL ETHICS,57,77.8
Shruti Pillai,sp6194@srmist.edu.in,RB11HNS9,OBJECT ORIENTED DESIGN AND PROGRAMMING,44,87.39
Shruti Pillai,sp6194@srmist.edu.in,RB11HNS9,RASPBERRY PI FUNDAMENTALS,40,70.47
Gauri Naidu,gn1664@srmist.edu.in,@Q#Sc2Lu,UHV-II,52,53.25
Gauri Naidu,gn1664@srmist.edu.in,@Q#Sc2Lu,COMPUTER ORGANIZATION AND ARCHITECTURE,36,78.14
Gauri Naidu,gn1664@srmist.edu.in,@Q#Sc2Lu,ADVANCED PROGRAMMING PRACTICE,58,96.38
Gauri Naidu,gn1664@srmist.edu.in,@Q#Sc2Lu,DATA STRUCTURES AND ALGORITHMS,32,91.29
Gauri Naidu,gn1664@srmist.edu.in,@Q#Sc2Lu,DATA STRUCTURES AND ALGORITHMS LAB,51,77.85
Gauri Naidu,gn1664@srmist.edu.in,@Q#Sc2Lu,PROFESSIONAL ETHICS,46,68.0
Gauri Naidu,gn1664@srmist.edu.in,@Q#Sc2Lu,OBJECT ORIENTED DESIGN AND PROGRAMMING,59,50.73
Gauri Naidu,gn1664@srmist.edu.in,@Q#Sc2Lu,RASPBERRY PI FUNDAMENTALS,49,59.92
Aditi Chatterjee,ac1144@srmist.edu.in,mqsej7Dc,UHV-II,46,92.45
Aditi Chatterjee,ac1144@srmist.edu.in,mqsej7Dc,COMPUTER ORGANIZATION AND ARCHITECTURE,59,70.15
Aditi Chatterjee,ac1144@srmist.edu.in,mqsej7Dc,ADVANCED PROGRAMMING PRACTICE,46,64.41
Aditi Chatterjee,ac1144@srmist.edu.in,mqsej7Dc,DATA STRUCTURES AND ALGORITHMS,34,63.48
Aditi Chatterjee,ac1144@srmist.edu.in,mqsej7Dc,DATA STRUCTURES AND ALGORITHMS LAB,45,51.91
Aditi Chatterjee,ac1144@srmist.edu.in,mqsej7Dc,PROFESSIONAL ETHICS,54,66.07
Aditi Chatterjee,ac1144@srmist.edu.in,mqsej7Dc,OBJECT ORIENTED DESIGN AND PROGRAMMING,54,66.62
Aditi Chatterjee,ac1144@srmist.edu.in,mqsej7Dc,RASPBERRY PI FUNDAMENTALS,34,82.54
Bhavya Bhat,bb3566@srmist.edu.in,%yMJk$s5,UHV-II,30,57.49
Bhavya Bhat,bb3566@srmist.edu.in,%yMJk$s5,COMPUTER ORGANIZATION AND ARCHITECTURE,50,98.11
Bhavya Bhat,bb3566@srmist.edu.in,%yMJk$s5,ADVANCED PROGRAMMING PRACTICE,46,88.01
Bhavya Bhat,bb3566@srmist.edu.in,%yMJk$s5,DATA STRUCTURES AND ALGORITHMS,34,98.24
Bhavya Bhat,bb3566@srmist.edu.in,%yMJk$s5,DATA STRUCTURES AND ALGORITHMS LAB,55,81.95
Bhavya Bhat,bb3566@srmist.edu.in,%yMJk$s5,PROFESSIONAL ETHICS,42,93.94
Bhavya Bhat,bb3566@srmist.edu.in,%yMJk$s5,OBJECT ORIENTED DESIGN AND PROGRAMMING,34,92.7
Bhavya Bhat,bb3566@srmist.edu.in,%yMJk$s5,RASPBERRY PI FUNDAMENTALS,36,78.75
Harsha Bajpai,hb9425@srmist.edu.in,vTS4!GEp,UHV-II,33,56.81
Harsha Bajpai,hb9425@srmist.edu.in,vTS4!GEp,COMPUTER ORGANIZATION AND ARCHITECTURE,36,65.65
Harsha Bajpai,hb9425@srmist.edu.in,vTS4!GEp,ADVANCED PROGRAMMING PRACTICE,48,64.5
Harsha Bajpai,hb9425@srmist.edu.in,vTS4!GEp,DATA STRUCTURES AND ALGORITHMS,59,53.91
Harsha Bajpai,hb9425@srmist.edu.in,vTS4!GEp,DATA STRUCTURES AND ALGORITHMS LAB,47,95.35
Harsha Bajpai,hb9425@srmist.edu.in,vTS4!GEp,PROFESSIONAL ETHICS,50,89.5
Harsha Bajpai,hb9425@srmist.edu.in,vTS4!GEp,OBJECT ORIENTED DESIGN AND PROGRAMMING,51,80.24
Harsha Bajpai,hb9425@srmist.edu.in,vTS4!GEp,RASPBERRY PI FUNDAMENTALS,37,58.03
Aditya Rastogi,ar0285@srmist.edu.in,8NF!gFmE,UHV-II,59,96.96
Aditya Rastogi,ar0285@srmist.edu.in,8NF!gFmE,COMPUTER ORGANIZATION AND ARCHITECTURE,48,87.11
Aditya Rastogi,ar0285@srmist.edu.in,8NF!gFmE,ADVANCED PROGRAMMING PRACTICE,47,66.88
Aditya Rastogi,ar0285@srmist.edu.in,8NF!gFmE,DATA STRUCTURES AND ALGORITHMS,40,81.44
Aditya Rastogi,ar0285@srmist.edu.in,8NF!gFmE,DATA STRUCTURES AND ALGORITHMS LAB,54,80.58
Aditya Rastogi,ar0285@srmist.edu.in,8NF!gFmE,PROFESSIONAL ETHICS,44,55.65
Aditya Rastogi,ar0285@srmist.edu.in,8NF!gFmE,OBJECT ORIENTED DESIGN AND PROGRAMMING,41,63.35
Aditya Rastogi,ar0285@srmist.edu.in,8NF!gFmE,RASPBERRY PI FUNDAMENTALS,33,97.22
Harsha Chopra,hc7420@srmist.edu.in,!o6Q15kQ,UHV-II,58,54.58
Harsha Chopra,hc7420@srmist.edu.in,!o6Q15kQ,COMPUTER ORGANIZATION AND ARCHITECTURE,58,75.48
Harsha Chopra,hc7420@srmist.edu.in,!o6Q15kQ,ADVANCED PROGRAMMING PRACTICE,43,65.65
Harsha Chopra,hc7420@srmist.edu.in,!o6Q15kQ,DATA STRUCTURES AND ALGORITHMS,49,99.4
Harsha Chopra,hc7420@srmist.edu.in,!o6Q15kQ,DATA STRUCTURES AND ALGORITHMS LAB,46,57.4
Harsha Chopra,hc7420@srmist.edu.in,!o6Q15kQ,PROFESSIONAL ETHICS,36,72.18
Harsha Chopra,hc7420@srmist.edu.in,!o6Q15kQ,OBJECT ORIENTED DESIGN AND PROGRAMMING,49,60.46
Harsha Chopra,hc7420@srmist.edu.in,!o6Q15kQ,RASPBERRY PI FUNDAMENTALS,31,58.9
Sneha Pillai,sp6971@srmist.edu.in,&jH9EP*T,UHV-II,39,75.23
Sneha Pillai,sp6971@srmist.edu.in,&jH9EP*T,COMPUTER ORGANIZATION AND ARCHITECTURE,49,58.22
Sneha Pillai,sp6971@srmist.edu.in,&jH9EP*T,ADVANCED PROGRAMMING PRACTICE,59,85.1
Sneha Pillai,sp6971@srmist.edu.in,&jH9EP*T,DATA STRUCTURES AND ALGORITHMS,49,71.33
Sneha Pillai,sp6971@srmist.edu.in,&jH9EP*T,DATA STRUCTURES AND ALGORITHMS LAB,47,88.19
Sneha Pillai,sp6971@srmist.edu.in,&jH9EP*T,PROFESSIONAL ETHICS,43,93.77
Sneha Pillai,sp6971@srmist.edu.in,&jH9EP*T,OBJECT ORIENTED DESIGN AND PROGRAMMING,58,64.37
Sneha Pillai,sp6971@srmist.edu.in,&jH9EP*T,RASPBERRY PI FUNDAMENTALS,38,55.6
Vivaan Nambiar,vn7082@srmist.edu.in,0cN19#Y9,UHV-II,32,81.03
Vivaan Nambiar,vn7082@srmist.edu.in,0cN19#Y9,COMPUTER ORGANIZATION AND ARCHITECTURE,35,66.19
Vivaan Nambiar,vn7082@srmist.edu.in,0cN19#Y9,ADVANCED PROGRAMMING PRACTICE,44,90.11
Vivaan Nambiar,vn7082@srmist.edu.in,0cN19#Y9,DATA STRUCTURES AND ALGORITHMS,30,59.17
Vivaan Nambiar,vn7082@srmist.edu.in,0cN19#Y9,DATA STRUCTURES AND ALGORITHMS LAB,46,76.54
Vivaan Nambiar,vn7082@srmist.edu.in,0cN19#Y9,PROFESSIONAL ETHICS,56,78.91
Vivaan Nambiar,vn7082@srmist.edu.in,0cN19#Y9,OBJECT ORIENTED DESIGN AND PROGRAMMING,57,58.6
Vivaan Nambiar,vn7082@srmist.edu.in,0cN19#Y9,RASPBERRY PI FUNDAMENTALS,32,53.08
Tejas Joshi,tj7279@srmist.edu.in,rQ1Tu5r&,UHV-II,32,88.14
Tejas Joshi,tj7279@srmist.edu.in,rQ1Tu5r&,COMPUTER ORGANIZATION AND ARCHITECTURE,53,69.17
Tejas Joshi,tj7279@srmist.edu.in,rQ1Tu5r&,ADVANCED PROGRAMMING PRACTICE,59,84.19
Tejas Joshi,tj7279@srmist.edu.in,rQ1Tu5r&,DATA STRUCTURES AND ALGORITHMS,59,52.08
Tejas Joshi,tj7279@srmist.edu.in,rQ1Tu5r&,DATA STRUCTURES AND ALGORITHMS LAB,51,98.19
Tejas Joshi,tj7279@srmist.edu.in,rQ1Tu5r&,PROFESSIONAL ETHICS,50,99.12
Tejas Joshi,tj7279@srmist.edu.in,rQ1Tu5r&,OBJECT ORIENTED DESIGN AND PROGRAMMING,43,64.37
Tejas Joshi,tj7279@srmist.edu.in,rQ1Tu5r&,RASPBERRY PI FUNDAMENTALS,40,82.21
Mohan Bhat,mb6345@srmist.edu.in,aPR0U%nk,UHV-II,37,77.43
Mohan Bhat,mb6345@srmist.edu.in,aPR0U%nk,COMPUTER ORGANIZATION AND ARCHITECTURE,42,76.65
Mohan Bhat,mb6345@srmist.edu.in,aPR0U%nk,ADVANCED PROGRAMMING PRACTICE,34,93.26
Mohan Bhat,mb6345@srmist.edu.in,aPR0U%nk,DATA STRUCTURES AND ALGORITHMS,56,75.84
Mohan Bhat,mb6345@srmist.edu.in,aPR0U%nk,DATA STRUCTURES AND ALGORITHMS LAB,49,81.41
Mohan Bhat,mb6345@srmist.edu.in,aPR0U%nk,PROFESSIONAL ETHICS,38,92.03
Mohan Bhat,mb6345@srmist.edu.in,aPR0U%nk,OBJECT ORIENTED DESIGN AND PROGRAMMING,40,75.77
Mohan Bhat,mb6345@srmist.edu.in,aPR0U%nk,RASPBERRY PI FUNDAMENTALS,33,66.77
Ajay Jain,aj5253@srmist.edu.in,22*B2Z79,UHV-II,31,89.38
Ajay Jain,aj5253@srmist.edu.in,22*B2Z79,COMPUTER ORGANIZATION AND ARCHITECTURE,36,67.87
Ajay Jain,aj5253@srmist.edu.in,22*B2Z79,ADVANCED PROGRAMMING PRACTICE,53,60.84
Ajay Jain,aj5253@srmist.edu.in,22*B2Z79,DATA STRUCTURES AND ALGORITHMS,46,97.13
Ajay Jain,aj5253@srmist.edu.in,22*B2Z79,DATA STRUCTURES AND ALGORITHMS LAB,42,65.25
Ajay Jain,aj5253@srmist.edu.in,22*B2Z79,PROFESSIONAL ETHICS,37,76.03
Ajay Jain,aj5253@srmist.edu.in,22*B2Z79,OBJECT ORIENTED DESIGN AND PROGRAMMING,56,73.22
Ajay Jain,aj5253@srmist.edu.in,22*B2Z79,RASPBERRY PI FUNDAMENTALS,37,56.36
Manish Basak,mb0272@srmist.edu.in,lu1%528S,UHV-II,30,64.97
Manish Basak,mb0272@srmist.edu.in,lu1%528S,COMPUTER ORGANIZATION AND ARCHITECTURE,32,69.54
Manish Basak,mb0272@srmist.edu.in,lu1%528S,ADVANCED PROGRAMMING PRACTICE,52,85.11
Manish Basak,mb0272@srmist.edu.in,lu1%528S,DATA STRUCTURES AND ALGORITHMS,37,78.83
Manish Basak,mb0272@srmist.edu.in,lu1%528S,DATA STRUCTURES AND ALGORITHMS LAB,36,88.81
Manish Basak,mb0272@srmist.edu.in,lu1%528S,PROFESSIONAL ETHICS,34,89.65
Manish Basak,mb0272@srmist.edu.in,lu1%528S,OBJECT ORIENTED DESIGN AND PROGRAMMING,36,59.14
Manish Basak,mb0272@srmist.edu.in,lu1%528S,RASPBERRY PI FUNDAMENTALS,44,59.47
Shruti Yadav,sy6107@srmist.edu.in,19e3cK!1,UHV-II,40,95.18
Shruti Yadav,sy6107@srmist.edu.in,19e3cK!1,COMPUTER ORGANIZATION AND ARCHITECTURE,35,78.43
Shruti Yadav,sy6107@srmist.edu.in,19e3cK!1,ADVANCED PROGRAMMING PRACTICE,42,82.2
Shruti Yadav,sy6107@srmist.edu.in,19e3cK!1,DATA STRUCTURES AND ALGORITHMS,32,82.91
Shruti Yadav,sy6107@srmist.edu.in,19e3cK!1,DATA STRUCTURES AND ALGORITHMS LAB,55,64.78
Shruti Yadav,sy6107@srmist.edu.in,19e3cK!1,PROFESSIONAL ETHICS,44,99.48
Shruti Yadav,sy6107@srmist.edu.in,19e3cK!1,OBJECT ORIENTED DESIGN AND PROGRAMMING,37,84.42
Shruti Yadav,sy6107@srmist.edu.in,19e3cK!1,RASPBERRY PI FUNDAMENTALS,38,98.53
Tejas Bajpai,tb6847@srmist.edu.in,EWo@mSBm,UHV-II,34,98.07
Tejas Bajpai,tb6847@srmist.edu.in,EWo@mSBm,COMPUTER ORGANIZATION AND ARCHITECTURE,33,90.87
Tejas Bajpai,tb6847@srmist.edu.in,EWo@mSBm,ADVANCED PROGRAMMING PRACTICE,46,78.16
Tejas Bajpai,tb6847@srmist.edu.in,EWo@mSBm,DATA STRUCTURES AND ALGORITHMS,30,56.08
Tejas Bajpai,tb6847@srmist.edu.in,EWo@mSBm,DATA STRUCTURES AND ALGORITHMS LAB,47,72.67
Tejas Bajpai,tb6847@srmist.edu.in,EWo@mSBm,PROFESSIONAL ETHICS,47,53.74
Tejas Bajpai,tb6847@srmist.edu.in,EWo@mSBm,OBJECT ORIENTED DESIGN AND PROGRAMMING,39,97.29
Tejas Bajpai,tb6847@srmist.edu.in,EWo@mSBm,RASPBERRY PI FUNDAMENTALS,55,87.45
Aarav Chauhan,ac3774@srmist.edu.in,toP2fqus,UHV-II,35,68.33
Aarav Chauhan,ac3774@srmist.edu.in,toP2fqus,COMPUTER ORGANIZATION AND ARCHITECTURE,34,90.7
Aarav Chauhan,ac3774@srmist.edu.in,toP2fqus,ADVANCED PROGRAMMING PRACTICE,43,61.77
Aarav Chauhan,ac3774@srmist.edu.in,toP2fqus,DATA STRUCTURES AND ALGORITHMS,60,71.74
Aarav Chauhan,ac3774@srmist.edu.in,toP2fqus,DATA STRUCTURES AND ALGORITHMS LAB,59,77.13
Aarav Chauhan,ac3774@srmist.edu.in,toP2fqus,PROFESSIONAL ETHICS,52,66.0
Aarav Chauhan,ac3774@srmist.edu.in,toP2fqus,OBJECT ORIENTED DESIGN AND PROGRAMMING,45,50.67
Aarav Chauhan,ac3774@srmist.edu.in,toP2fqus,RASPBERRY PI FUNDAMENTALS,58,52.27
Lakshmi Thakur,lt2907@srmist.edu.in,KkS1%UkG,UHV-II,44,85.02
Lakshmi Thakur,lt2907@srmist.edu.in,KkS1%UkG,COMPUTER ORGANIZATION AND ARCHITECTURE,43,72.25
Lakshmi Thakur,lt2907@srmist.edu.in,KkS1%UkG,ADVANCED PROGRAMMING PRACTICE,36,89.65
Lakshmi Thakur,lt2907@srmist.edu.in,KkS1%UkG,DATA STRUCTURES AND ALGORITHMS,50,98.3
Lakshmi Thakur,lt2907@srmist.edu.in,KkS1%UkG,DATA STRUCTURES AND ALGORITHMS LAB,34,85.52
Lakshmi Thakur,lt2907@srmist.edu.in,KkS1%UkG,PROFESSIONAL ETHICS,49,64.96
Lakshmi Thakur,lt2907@srmist.edu.in,KkS1%UkG,OBJECT ORIENTED DESIGN AND PROGRAMMING,44,64.28
Lakshmi Thakur,lt2907@srmist.edu.in,KkS1%UkG,RASPBERRY PI FUNDAMENTALS,50,61.07
Pranav Kulkarni,pk2983@srmist.edu.in,Cb6V2s4W,UHV-II,32,93.2
Pranav Kulkarni,pk2983@srmist.edu.in,Cb6V2s4W,COMPUTER ORGANIZATION AND ARCHITECTURE,59,75.15
Pranav Kulkarni,pk2983@srmist.edu.in,Cb6V2s4W,ADVANCED PROGRAMMING PRACTICE,49,63.63
Pranav Kulkarni,pk2983@srmist.edu.in,Cb6V2s4W,DATA STRUCTURES AND ALGORITHMS,39,80.87
Pranav Kulkarni,pk2983@srmist.edu.in,Cb6V2s4W,DATA STRUCTURES AND ALGORITHMS LAB,51,66.35
Pranav Kulkarni,pk2983@srmist.edu.in,Cb6V2s4W,PROFESSIONAL ETHICS,31,50.94
Pranav Kulkarni,pk2983@srmist.edu.in,Cb6V2s4W,OBJECT ORIENTED DESIGN AND PROGRAMMING,40,67.66
Pranav Kulkarni,pk2983@srmist.edu.in,Cb6V2s4W,RASPBERRY PI FUNDAMENTALS,48,52.38
Tejas Tiwari,tt2762@srmist.edu.in,8%w3157s,UHV-II,60,57.47
Tejas Tiwari,tt2762@srmist.edu.in,8%w3157s,COMPUTER ORGANIZATION AND ARCHITECTURE,56,72.27
Tejas Tiwari,tt2762@srmist.edu.in,8%w3157s,ADVANCED PROGRAMMING PRACTICE,41,83.93
Tejas Tiwari,tt2762@srmist.edu.in,8%w3157s,DATA STRUCTURES AND ALGORITHMS,48,86.46
Tejas Tiwari,tt2762@srmist.edu.in,8%w3157s,DATA STRUCTURES AND ALGORITHMS LAB,44,78.55
Tejas Tiwari,tt2762@srmist.edu.in,8%w3157s,PROFESSIONAL ETHICS,55,61.47
Tejas Tiwari,tt2762@srmist.edu.in,8%w3157s,OBJECT ORIENTED DESIGN AND PROGRAMMING,55,73.02
Tejas Tiwari,tt2762@srmist.edu.in,8%w3157s,RASPBERRY PI FUNDAMENTALS,44,87.59
Kiran Agarwal,ka3214@srmist.edu.in,eoK75#ro,UHV-II,51,99.78
Kiran Agarwal,ka3214@srmist.edu.in,eoK75#ro,COMPUTER ORGANIZATION AND ARCHITECTURE,42,57.35
Kiran Agarwal,ka3214@srmist.edu.in,eoK75#ro,ADVANCED PROGRAMMING PRACTICE,41,70.23
Kiran Agarwal,ka3214@srmist.edu.in,eoK75#ro,DATA STRUCTURES AND ALGORITHMS,47,55.89
Kiran Agarwal,ka3214@srmist.edu.in,eoK75#ro,DATA STRUCTURES AND ALGORITHMS LAB,34,78.74
Kiran Agarwal,ka3214@srmist.edu.in,eoK75#ro,PROFESSIONAL ETHICS,47,62.63
Kiran Agarwal,ka3214@srmist.edu.in,eoK75#ro,OBJECT ORIENTED DESIGN AND PROGRAMMING,31,90.29
Kiran Agarwal,ka3214@srmist.edu.in,eoK75#ro,RASPBERRY PI FUNDAMENTALS,49,98.09
Bhavya Bose,bb7636@srmist.edu.in,UJt9Bl%m,UHV-II,58,68.77
Bhavya Bose,bb7636@srmist.edu.in,UJt9Bl%m,COMPUTER ORGANIZATION AND ARCHITECTURE,42,61.7
Bhavya Bose,bb7636@srmist.edu.in,UJt9Bl%m,ADVANCED PROGRAMMING PRACTICE,42,56.46
Bhavya Bose,bb7636@srmist.edu.in,UJt9Bl%m,DATA STRUCTURES AND ALGORITHMS,37,67.54
Bhavya Bose,bb7636@srmist.edu.in,UJt9Bl%m,DATA STRUCTURES AND ALGORITHMS LAB,44,53.28
Bhavya Bose,bb7636@srmist.edu.in,UJt9Bl%m,PROFESSIONAL ETHICS,56,72.3
Bhavya Bose,bb7636@srmist.edu.in,UJt9Bl%m,OBJECT ORIENTED DESIGN AND PROGRAMMING,35,78.48
Bhavya Bose,bb7636@srmist.edu.in,UJt9Bl%m,RASPBERRY PI FUNDAMENTALS,41,68.0
Karthik Banerjee,kb3415@srmist.edu.in,YjnH8E6i,UHV-II,48,61.93
Karthik Banerjee,kb3415@srmist.edu.in,YjnH8E6i,COMPUTER ORGANIZATION AND ARCHITECTURE,41,57.62
Karthik Banerjee,kb3415@srmist.edu.in,YjnH8E6i,ADVANCED PROGRAMMING PRACTICE,45,95.42
Karthik Banerjee,kb3415@srmist.edu.in,YjnH8E6i,DATA STRUCTURES AND ALGORITHMS,43,72.31
Karthik Banerjee,kb3415@srmist.edu.in,YjnH8E6i,DATA STRUCTURES AND ALGORITHMS LAB,58,61.12
Karthik Banerjee,kb3415@srmist.edu.in,YjnH8E6i,PROFESSIONAL ETHICS,48,75.24
Karthik Banerjee,kb3415@srmist.edu.in,YjnH8E6i,OBJECT ORIENTED DESIGN AND PROGRAMMING,38,58.98
Karthik Banerjee,kb3415@srmist.edu.in,YjnH8E6i,RASPBERRY PI FUNDAMENTALS,44,90.81
Dev Iyer,di0652@srmist.edu.in,bAHedOp2,UHV-II,39,51.99
Dev Iyer,di0652@srmist.edu.in,bAHedOp2,COMPUTER ORGANIZATION AND ARCHITECTURE,45,60.05
Dev Iyer,di0652@srmist.edu.in,bAHedOp2,ADVANCED PROGRAMMING PRACTICE,33,94.21
Dev Iyer,di0652@srmist.edu.in,bAHedOp2,DATA STRUCTURES AND ALGORITHMS,34,76.24
Dev Iyer,di0652@srmist.edu.in,bAHedOp2,DATA STRUCTURES AND ALGORITHMS LAB,45,92.53
Dev Iyer,di0652@srmist.edu.in,bAHedOp2,PROFESSIONAL ETHICS,40,70.78
Dev Iyer,di0652@srmist.edu.in,bAHedOp2,OBJECT ORIENTED DESIGN AND PROGRAMMING,41,52.83
Dev Iyer,di0652@srmist.edu.in,bAHedOp2,RASPBERRY PI FUNDAMENTALS,56,96.62
Mohan Chopra,mc5857@srmist.edu.in,P3AshNyP,UHV-II,49,96.32
Mohan Chopra,mc5857@srmist.edu.in,P3AshNyP,COMPUTER ORGANIZATION AND ARCHITECTURE,34,88.59
Mohan Chopra,mc5857@srmist.edu.in,P3AshNyP,ADVANCED PROGRAMMING PRACTICE,36,68.72
Mohan Chopra,mc5857@srmist.edu.in,P3AshNyP,DATA STRUCTURES AND ALGORITHMS,49,92.8
Mohan Chopra,mc5857@srmist.edu.in,P3AshNyP,DATA STRUCTURES AND ALGORITHMS LAB,34,53.57
Mohan Chopra,mc5857@srmist.edu.in,P3AshNyP,PROFESSIONAL ETHICS,58,96.35
Mohan Chopra,mc5857@srmist.edu.in,P3AshNyP,OBJECT ORIENTED DESIGN AND PROGRAMMING,51,68.75
Mohan Chopra,mc5857@srmist.edu.in,P3AshNyP,RASPBERRY PI FUNDAMENTALS,60,83.25
Vikram Agarwal,va6982@srmist.edu.in,GnW#Sfa#,UHV-II,43,89.07
Vikram Agarwal,va6982@srmist.edu.in,GnW#Sfa#,COMPUTER ORGANIZATION AND ARCHITECTURE,52,86.75
Vikram Agarwal,va6982@srmist.edu.in,GnW#Sfa#,ADVANCED PROGRAMMING PRACTICE,39,55.93
Vikram Agarwal,va6982@srmist.edu.in,GnW#Sfa#,DATA STRUCTURES AND ALGORITHMS,35,70.47
Vikram Agarwal,va6982@srmist.edu.in,GnW#Sfa#,DATA STRUCTURES AND ALGORITHMS LAB,60,96.54
Vikram Agarwal,va6982@srmist.edu.in,GnW#Sfa#,PROFESSIONAL ETHICS,47,60.81
Vikram Agarwal,va6982@srmist.edu.in,GnW#Sfa#,OBJECT ORIENTED DESIGN AND PROGRAMMING,33,86.5
Vikram Agarwal,va6982@srmist.edu.in,GnW#Sfa#,RASPBERRY PI FUNDAMENTALS,55,58.94
Roshan Lal,rl3475@srmist.edu.in,N4jV83m&,UHV-II,36,63.16
Roshan Lal,rl3475@srmist.edu.in,N4jV83m&,COMPUTER ORGANIZATION AND ARCHITECTURE,47,97.71
Roshan Lal,rl3475@srmist.edu.in,N4jV83m&,ADVANCED PROGRAMMING PRACTICE,35,64.41
Roshan Lal,rl3475@srmist.edu.in,N4jV83m&,DATA STRUCTURES AND ALGORITHMS,36,92.66
Roshan Lal,rl3475@srmist.edu.in,N4jV83m&,DATA STRUCTURES AND ALGORITHMS LAB,45,88.04
Roshan Lal,rl3475@srmist.edu.in,N4jV83m&,PROFESSIONAL ETHICS,39,73.36
Roshan Lal,rl3475@srmist.edu.in,N4jV83m&,OBJECT ORIENTED DESIGN AND PROGRAMMING,34,59.16
Roshan Lal,rl3475@srmist.edu.in,N4jV83m&,RASPBERRY PI FUNDAMENTALS,40,53.65
Kavya Kumar,kk2753@srmist.edu.in,n1zMG7!c,UHV-II,41,86.22
Kavya Kumar,kk2753@srmist.edu.in,n1zMG7!c,COMPUTER ORGANIZATION AND ARCHITECTURE,57,57.61
Kavya Kumar,kk2753@srmist.edu.in,n1zMG7!c,ADVANCED PROGRAMMING PRACTICE,59,81.13
Kavya Kumar,kk2753@srmist.edu.in,n1zMG7!c,DATA STRUCTURES AND ALGORITHMS,41,93.74
Kavya Kumar,kk2753@srmist.edu.in,n1zMG7!c,DATA STRUCTURES AND ALGORITHMS LAB,38,72.27
Kavya Kumar,kk2753@srmist.edu.in,n1zMG7!c,PROFESSIONAL ETHICS,40,93.66
Kavya Kumar,kk2753@srmist.edu.in,n1zMG7!c,OBJECT ORIENTED DESIGN AND PROGRAMMING,42,98.45
Kavya Kumar,kk2753@srmist.edu.in,n1zMG7!c,RASPBERRY PI FUNDAMENTALS,44,79.58
Shruti Prasad,sp4668@srmist.edu.in,HYmpCtkg,UHV-II,55,77.85
Shruti Prasad,sp4668@srmist.edu.in,HYmpCtkg,COMPUTER ORGANIZATION AND ARCHITECTURE,30,96.21
Shruti Prasad,sp4668@srmist.edu.in,HYmpCtkg,ADVANCED PROGRAMMING PRACTICE,46,84.06
Shruti Prasad,sp4668@srmist.edu.in,HYmpCtkg,DATA STRUCTURES AND ALGORITHMS,47,63.26
Shruti Prasad,sp4668@srmist.edu.in,HYmpCtkg,DATA STRUCTURES AND ALGORITHMS LAB,39,80.85
Shruti Prasad,sp4668@srmist.edu.in,HYmpCtkg,PROFESSIONAL ETHICS,58,90.24
Shruti Prasad,sp4668@srmist.edu.in,HYmpCtkg,OBJECT ORIENTED DESIGN AND PROGRAMMING,42,77.36
Shruti Prasad,sp4668@srmist.edu.in,HYmpCtkg,RASPBERRY PI FUNDAMENTALS,34,63.32
Saanvi Verma,sv4051@srmist.edu.in,9N2AM@b7,UHV-II,55,92.03
Saanvi Verma,sv4051@srmist.edu.in,9N2AM@b7,COMPUTER ORGANIZATION AND ARCHITECTURE,48,66.1
Saanvi Verma,sv4051@srmist.edu.in,9N2AM@b7,ADVANCED PROGRAMMING PRACTICE,40,95.93
Saanvi Verma,sv4051@srmist.edu.in,9N2AM@b7,DATA STRUCTURES AND ALGORITHMS,59,61.05
Saanvi Verma,sv4051@srmist.edu.in,9N2AM@b7,DATA STRUCTURES AND ALGORITHMS LAB,57,77.58
Saanvi Verma,sv4051@srmist.edu.in,9N2AM@b7,PROFESSIONAL ETHICS,37,88.11
Saanvi Verma,sv4051@srmist.edu.in,9N2AM@b7,OBJECT ORIENTED DESIGN AND PROGRAMMING,35,72.8
Saanvi Verma,sv4051@srmist.edu.in,9N2AM@b7,RASPBERRY PI FUNDAMENTALS,31,81.38
Ishaan Joshi,ij4532@srmist.edu.in,Uivg2EjB,UHV-II,47,95.46
Ishaan Joshi,ij4532@srmist.edu.in,Uivg2EjB,COMPUTER ORGANIZATION AND ARCHITECTURE,32,86.9
Ishaan Joshi,ij4532@srmist.edu.in,Uivg2EjB,ADVANCED PROGRAMMING PRACTICE,44,65.95
Ishaan Joshi,ij4532@srmist.edu.in,Uivg2EjB,DATA STRUCTURES AND ALGORITHMS,51,98.42
Ishaan Joshi,ij4532@srmist.edu.in,Uivg2EjB,DATA STRUCTURES AND ALGORITHMS LAB,53,97.86
Ishaan Joshi,ij4532@srmist.edu.in,Uivg2EjB,PROFESSIONAL ETHICS,52,98.03
Ishaan Joshi,ij4532@srmist.edu.in,Uivg2EjB,OBJECT ORIENTED DESIGN AND PROGRAMMING,38,67.77
Ishaan Joshi,ij4532@srmist.edu.in,Uivg2EjB,RASPBERRY PI FUNDAMENTALS,31,66.73
Nikhil Prasad,np6371@srmist.edu.in,Gy3Amiye,UHV-II,46,91.93
Nikhil Prasad,np6371@srmist.edu.in,Gy3Amiye,COMPUTER ORGANIZATION AND ARCHITECTURE,37,57.99
Nikhil Prasad,np6371@srmist.edu.in,Gy3Amiye,ADVANCED PROGRAMMING PRACTICE,34,78.35
Nikhil Prasad,np6371@srmist.edu.in,Gy3Amiye,DATA STRUCTURES AND ALGORITHMS,52,64.54
Nikhil Prasad,np6371@srmist.edu.in,Gy3Amiye,DATA STRUCTURES AND ALGORITHMS LAB,40,76.36
Nikhil Prasad,np6371@srmist.edu.in,Gy3Amiye,PROFESSIONAL ETHICS,50,61.65
Nikhil Prasad,np6371@srmist.edu.in,Gy3Amiye,OBJECT ORIENTED DESIGN AND PROGRAMMING,38,97.54
Nikhil Prasad,np6371@srmist.edu.in,Gy3Amiye,RASPBERRY PI FUNDAMENTALS,38,59.66
Ananya Singh,as0902@srmist.edu.in,EUC!oHbK,UHV-II,53,88.93
Ananya Singh,as0902@srmist.edu.in,EUC!oHbK,COMPUTER ORGANIZATION AND ARCHITECTURE,48,90.76
Ananya Singh,as0902@srmist.edu.in,EUC!oHbK,ADVANCED PROGRAMMING PRACTICE,60,52.06
Ananya Singh,as0902@srmist.edu.in,EUC!oHbK,DATA STRUCTURES AND ALGORITHMS,47,83.56
Ananya Singh,as0902@srmist.edu.in,EUC!oHbK,DATA STRUCTURES AND ALGORITHMS LAB,46,53.76
Ananya Singh,as0902@srmist.edu.in,EUC!oHbK,PROFESSIONAL ETHICS,41,86.22
Ananya Singh,as0902@srmist.edu.in,EUC!oHbK,OBJECT ORIENTED DESIGN AND PROGRAMMING,55,70.68
Ananya Singh,as0902@srmist.edu.in,EUC!oHbK,RASPBERRY PI FUNDAMENTALS,51,81.46
Nisha Agarwal,na8789@srmist.edu.in,#GS0!$J*,UHV-II,50,83.37
Nisha Agarwal,na8789@srmist.edu.in,#GS0!$J*,COMPUTER ORGANIZATION AND ARCHITECTURE,60,88.86
Nisha Agarwal,na8789@srmist.edu.in,#GS0!$J*,ADVANCED PROGRAMMING PRACTICE,30,53.32
Nisha Agarwal,na8789@srmist.edu.in,#GS0!$J*,DATA STRUCTURES AND ALGORITHMS,38,85.18
Nisha Agarwal,na8789@srmist.edu.in,#GS0!$J*,DATA STRUCTURES AND ALGORITHMS LAB,42,96.54
Nisha Agarwal,na8789@srmist.edu.in,#GS0!$J*,PROFESSIONAL ETHICS,58,82.1
Nisha Agarwal,na8789@srmist.edu.in,#GS0!$J*,OBJECT ORIENTED DESIGN AND PROGRAMMING,38,55.19
Nisha Agarwal,na8789@srmist.edu.in,#GS0!$J*,RASPBERRY PI FUNDAMENTALS,45,73.71
Roshan Das,rd8392@srmist.edu.in,7Td9lGPQ,UHV-II,53,83.32
Roshan Das,rd8392@srmist.edu.in,7Td9lGPQ,COMPUTER ORGANIZATION AND ARCHITECTURE,34,84.05
Roshan Das,rd8392@srmist.edu.in,7Td9lGPQ,ADVANCED PROGRAMMING PRACTICE,31,51.72
Roshan Das,rd8392@srmist.edu.in,7Td9lGPQ,DATA STRUCTURES AND ALGORITHMS,52,56.19
Roshan Das,rd8392@srmist.edu.in,7Td9lGPQ,DATA STRUCTURES AND ALGORITHMS LAB,32,93.84
Roshan Das,rd8392@srmist.edu.in,7Td9lGPQ,PROFESSIONAL ETHICS,39,96.88
Roshan Das,rd8392@srmist.edu.in,7Td9lGPQ,OBJECT ORIENTED DESIGN AND PROGRAMMING,48,90.1
Roshan Das,rd8392@srmist.edu.in,7Td9lGPQ,RASPBERRY PI FUNDAMENTALS,31,82.94
Saanvi Bhattacharya,sb5002@srmist.edu.in,@L@fDMN5,UHV-II,30,93.86
Saanvi Bhattacharya,sb5002@srmist.edu.in,@L@fDMN5,COMPUTER ORGANIZATION AND ARCHITECTURE,35,96.12
Saanvi Bhattacharya,sb5002@srmist.edu.in,@L@fDMN5,ADVANCED PROGRAMMING PRACTICE,35,72.04
Saanvi Bhattacharya,sb5002@srmist.edu.in,@L@fDMN5,DATA STRUCTURES AND ALGORITHMS,48,79.31
Saanvi Bhattacharya,sb5002@srmist.edu.in,@L@fDMN5,DATA STRUCTURES AND ALGORITHMS LAB,47,55.75
Saanvi Bhattacharya,sb5002@srmist.edu.in,@L@fDMN5,PROFESSIONAL ETHICS,46,82.58
Saanvi Bhattacharya,sb5002@srmist.edu.in,@L@fDMN5,OBJECT ORIENTED DESIGN AND PROGRAMMING,32,98.32
Saanvi Bhattacharya,sb5002@srmist.edu.in,@L@fDMN5,RASPBERRY PI FUNDAMENTALS,37,72.21
Diya Pandey,dp5773@srmist.edu.in,TjENtuly,UHV-II,46,61.37
Diya Pandey,dp5773@srmist.edu.in,TjENtuly,COMPUTER ORGANIZATION AND ARCHITECTURE,55,63.1
Diya Pandey,dp5773@srmist.edu.in,TjENtuly,ADVANCED PROGRAMMING PRACTICE,31,81.19
Diya Pandey,dp5773@srmist.edu.in,TjENtuly,DATA STRUCTURES AND ALGORITHMS,50,72.3
Diya Pandey,dp5773@srmist.edu.in,TjENtuly,DATA STRUCTURES AND ALGORITHMS LAB,39,86.9
Diya Pandey,dp5773@srmist.edu.in,TjENtuly,PROFESSIONAL ETHICS,40,66.03
Diya Pandey,dp5773@srmist.edu.in,TjENtuly,OBJECT ORIENTED DESIGN AND PROGRAMMING,49,85.76
Diya Pandey,dp5773@srmist.edu.in,TjENtuly,RASPBERRY PI FUNDAMENTALS,52,96.27
Karthik Dey,kd0527@srmist.edu.in,yTqP%LCB,UHV-II,36,92.35
Karthik Dey,kd0527@srmist.edu.in,yTqP%LCB,COMPUTER ORGANIZATION AND ARCHITECTURE,31,94.21
Karthik Dey,kd0527@srmist.edu.in,yTqP%LCB,ADVANCED PROGRAMMING PRACTICE,57,99.39
Karthik Dey,kd0527@srmist.edu.in,yTqP%LCB,DATA STRUCTURES AND ALGORITHMS,34,63.13
Karthik Dey,kd0527@srmist.edu.in,yTqP%LCB,DATA STRUCTURES AND ALGORITHMS LAB,31,70.78
Karthik Dey,kd0527@srmist.edu.in,yTqP%LCB,PROFESSIONAL ETHICS,56,95.61
Karthik Dey,kd0527@srmist.edu.in,yTqP%LCB,OBJECT ORIENTED DESIGN AND PROGRAMMING,49,59.93
Karthik Dey,kd0527@srmist.edu.in,yTqP%LCB,RASPBERRY PI FUNDAMENTALS,36,59.3
Aarya Das,ad0070@srmist.edu.in,Nz!ch&!#,UHV-II,60,94.15
Aarya Das,ad0070@srmist.edu.in,Nz!ch&!#,COMPUTER ORGANIZATION AND ARCHITECTURE,38,54.29
Aarya Das,ad0070@srmist.edu.in,Nz!ch&!#,ADVANCED PROGRAMMING PRACTICE,49,89.17
Aarya Das,ad0070@srmist.edu.in,Nz!ch&!#,DATA STRUCTURES AND ALGORITHMS,30,75.22
Aarya Das,ad0070@srmist.edu.in,Nz!ch&!#,DATA STRUCTURES AND ALGORITHMS LAB,43,51.99
Aarya Das,ad0070@srmist.edu.in,Nz!ch&!#,PROFESSIONAL ETHICS,57,72.46
Aarya Das,ad0070@srmist.edu.in,Nz!ch&!#,OBJECT ORIENTED DESIGN AND PROGRAMMING,57,65.91
Aarya Das,ad0070@srmist.edu.in,Nz!ch&!#,RASPBERRY PI FUNDAMENTALS,53,58.12
Sneha Sinha,ss2006@srmist.edu.in,Y1fsfteL,UHV-II,58,59.9
Sneha Sinha,ss2006@srmist.edu.in,Y1fsfteL,COMPUTER ORGANIZATION AND ARCHITECTURE,57,54.01
Sneha Sinha,ss2006@srmist.edu.in,Y1fsfteL,ADVANCED PROGRAMMING PRACTICE,43,89.72
Sneha Sinha,ss2006@srmist.edu.in,Y1fsfteL,DATA STRUCTURES AND ALGORITHMS,46,64.33
Sneha Sinha,ss2006@srmist.edu.in,Y1fsfteL,DATA STRUCTURES AND ALGORITHMS LAB,34,96.72
Sneha Sinha,ss2006@srmist.edu.in,Y1fsfteL,PROFESSIONAL ETHICS,53,60.85
Sneha Sinha,ss2006@srmist.edu.in,Y1fsfteL,OBJECT ORIENTED DESIGN AND PROGRAMMING,40,75.15
Sneha Sinha,ss2006@srmist.edu.in,Y1fsfteL,RASPBERRY PI FUNDAMENTALS,56,71.36
Akash Sinha,as4291@srmist.edu.in,N8UQefAs,UHV-II,47,83.21
Akash Sinha,as4291@srmist.edu.in,N8UQefAs,COMPUTER ORGANIZATION AND ARCHITECTURE,58,52.55
Akash Sinha,as4291@srmist.edu.in,N8UQefAs,ADVANCED PROGRAMMING PRACTICE,58,69.71
Akash Sinha,as4291@srmist.edu.in,N8UQefAs,DATA STRUCTURES AND ALGORITHMS,49,78.34
Akash Sinha,as4291@srmist.edu.in,N8UQefAs,DATA STRUCTURES AND ALGORITHMS LAB,31,59.7
Akash Sinha,as4291@srmist.edu.in,N8UQefAs,PROFESSIONAL ETHICS,54,52.05
Akash Sinha,as4291@srmist.edu.in,N8UQefAs,OBJECT ORIENTED DESIGN AND PROGRAMMING,53,86.24
Akash Sinha,as4291@srmist.edu.in,N8UQefAs,RASPBERRY PI FUNDAMENTALS,44,77.29
Sneha Shukla,ss1645@srmist.edu.in,jr*wNZk3,UHV-II,43,75.66
Sneha Shukla,ss1645@srmist.edu.in,jr*wNZk3,COMPUTER ORGANIZATION AND ARCHITECTURE,42,74.61
Sneha Shukla,ss1645@srmist.edu.in,jr*wNZk3,ADVANCED PROGRAMMING PRACTICE,48,54.69
Sneha Shukla,ss1645@srmist.edu.in,jr*wNZk3,DATA STRUCTURES AND ALGORITHMS,36,90.3
Sneha Shukla,ss1645@srmist.edu.in,jr*wNZk3,DATA STRUCTURES AND ALGORITHMS LAB,41,56.43
Sneha Shukla,ss1645@srmist.edu.in,jr*wNZk3,PROFESSIONAL ETHICS,32,88.62
Sneha Shukla,ss1645@srmist.edu.in,jr*wNZk3,OBJECT ORIENTED DESIGN AND PROGRAMMING,57,92.96
Sneha Shukla,ss1645@srmist.edu.in,jr*wNZk3,RASPBERRY PI FUNDAMENTALS,40,97.21
Rahul Gandhi,rg3665@srmist.edu.in,h#eteEI$,UHV-II,56,60.11
Rahul Gandhi,rg3665@srmist.edu.in,h#eteEI$,COMPUTER ORGANIZATION AND ARCHITECTURE,39,79.3
Rahul Gandhi,rg3665@srmist.edu.in,h#eteEI$,ADVANCED PROGRAMMING PRACTICE,41,74.11
Rahul Gandhi,rg3665@srmist.edu.in,h#eteEI$,DATA STRUCTURES AND ALGORITHMS,53,56.81
Rahul Gandhi,rg3665@srmist.edu.in,h#eteEI$,DATA STRUCTURES AND ALGORITHMS LAB,42,86.24
Rahul Gandhi,rg3665@srmist.edu.in,h#eteEI$,PROFESSIONAL ETHICS,45,64.12
Rahul Gandhi,rg3665@srmist.edu.in,h#eteEI$,OBJECT ORIENTED DESIGN AND PROGRAMMING,35,81.41
Rahul Gandhi,rg3665@srmist.edu.in,h#eteEI$,RASPBERRY PI FUNDAMENTALS,59,67.02
Priya Naidu,pn8840@srmist.edu.in,&ndNhVue,UHV-II,47,57.12
Priya Naidu,pn8840@srmist.edu.in,&ndNhVue,COMPUTER ORGANIZATION AND ARCHITECTURE,54,93.22
Priya Naidu,pn8840@srmist.edu.in,&ndNhVue,ADVANCED PROGRAMMING PRACTICE,40,94.11
Priya Naidu,pn8840@srmist.edu.in,&ndNhVue,DATA STRUCTURES AND ALGORITHMS,31,83.51
Priya Naidu,pn8840@srmist.edu.in,&ndNhVue,DATA STRUCTURES AND ALGORITHMS LAB,50,85.44
Priya Naidu,pn8840@srmist.edu.in,&ndNhVue,PROFESSIONAL ETHICS,44,86.44
Priya Naidu,pn8840@srmist.edu.in,&ndNhVue,OBJECT ORIENTED DESIGN AND PROGRAMMING,37,65.79
Priya Naidu,pn8840@srmist.edu.in,&ndNhVue,RASPBERRY PI FUNDAMENTALS,39,93.2
Lakshmi Thakur,lt3169@srmist.edu.in,DV5Pub2c,UHV-II,34,68.91
Lakshmi Thakur,lt3169@srmist.edu.in,DV5Pub2c,COMPUTER ORGANIZATION AND ARCHITECTURE,38,80.02
Lakshmi Thakur,lt3169@srmist.edu.in,DV5Pub2c,ADVANCED PROGRAMMING PRACTICE,45,77.37
Lakshmi Thakur,lt3169@srmist.edu.in,DV5Pub2c,DATA STRUCTURES AND ALGORITHMS,56,81.42
Lakshmi Thakur,lt3169@srmist.edu.in,DV5Pub2c,DATA STRUCTURES AND ALGORITHMS LAB,49,92.64
Lakshmi Thakur,lt3169@srmist.edu.in,DV5Pub2c,PROFESSIONAL ETHICS,53,68.63
Lakshmi Thakur,lt3169@srmist.edu.in,DV5Pub2c,OBJECT ORIENTED DESIGN AND PROGRAMMING,53,86.69
Lakshmi Thakur,lt3169@srmist.edu.in,DV5Pub2c,RASPBERRY PI FUNDAMENTALS,51,96.34
Vihaan Tiwari,vt2880@srmist.edu.in,SDbA2C&e,UHV-II,60,99.7
Vihaan Tiwari,vt2880@srmist.edu.in,SDbA2C&e,COMPUTER ORGANIZATION AND ARCHITECTURE,31,69.87
Vihaan Tiwari,vt2880@srmist.edu.in,SDbA2C&e,ADVANCED PROGRAMMING PRACTICE,38,90.93
Vihaan Tiwari,vt2880@srmist.edu.in,SDbA2C&e,DATA STRUCTURES AND ALGORITHMS,36,96.01
Vihaan Tiwari,vt2880@srmist.edu.in,SDbA2C&e,DATA STRUCTURES AND ALGORITHMS LAB,30,79.19
Vihaan Tiwari,vt2880@srmist.edu.in,SDbA2C&e,PROFESSIONAL ETHICS,39,67.59
Vihaan Tiwari,vt2880@srmist.edu.in,SDbA2C&e,OBJECT ORIENTED DESIGN AND PROGRAMMING,31,82.8
Vihaan Tiwari,vt2880@srmist.edu.in,SDbA2C&e,RASPBERRY PI FUNDAMENTALS,60,65.38
Dev Nambiar,dn6653@srmist.edu.in,dOcDsK5l,UHV-II,31,88.27
Dev Nambiar,dn6653@srmist.edu.in,dOcDsK5l,COMPUTER ORGANIZATION AND ARCHITECTURE,36,82.12
Dev Nambiar,dn6653@srmist.edu.in,dOcDsK5l,ADVANCED PROGRAMMING PRACTICE,57,83.42
Dev Nambiar,dn6653@srmist.edu.in,dOcDsK5l,DATA STRUCTURES AND ALGORITHMS,55,93.19
Dev Nambiar,dn6653@srmist.edu.in,dOcDsK5l,DATA STRUCTURES AND ALGORITHMS LAB,38,87.46
Dev Nambiar,dn6653@srmist.edu.in,dOcDsK5l,PROFESSIONAL ETHICS,43,72.02
Dev Nambiar,dn6653@srmist.edu.in,dOcDsK5l,OBJECT ORIENTED DESIGN AND PROGRAMMING,49,60.62
Dev Nambiar,dn6653@srmist.edu.in,dOcDsK5l,RASPBERRY PI FUNDAMENTALS,38,54.26
Rahul Bhattacharya,rb4829@srmist.edu.in,cZ%*Ie*a,UHV-II,33,71.04
Rahul Bhattacharya,rb4829@srmist.edu.in,cZ%*Ie*a,COMPUTER ORGANIZATION AND ARCHITECTURE,44,67.17
Rahul Bhattacharya,rb4829@srmist.edu.in,cZ%*Ie*a,ADVANCED PROGRAMMING PRACTICE,59,77.13
Rahul Bhattacharya,rb4829@srmist.edu.in,cZ%*Ie*a,DATA STRUCTURES AND ALGORITHMS,49,87.66
Rahul Bhattacharya,rb4829@srmist.edu.in,cZ%*Ie*a,DATA STRUCTURES AND ALGORITHMS LAB,33,93.57
Rahul Bhattacharya,rb4829@srmist.edu.in,cZ%*Ie*a,PROFESSIONAL ETHICS,48,91.87
Rahul Bhattacharya,rb4829@srmist.edu.in,cZ%*Ie*a,OBJECT ORIENTED DESIGN AND PROGRAMMING,39,67.19
Rahul Bhattacharya,rb4829@srmist.edu.in,cZ%*Ie*a,RASPBERRY PI FUNDAMENTALS,59,90.32
Mohan Sinha,ms3813@srmist.edu.in,7!9@XbEN,UHV-II,56,65.63
Mohan Sinha,ms3813@srmist.edu.in,7!9@XbEN,COMPUTER ORGANIZATION AND ARCHITECTURE,45,70.71
Mohan Sinha,ms3813@srmist.edu.in,7!9@XbEN,ADVANCED PROGRAMMING PRACTICE,51,67.81
Mohan Sinha,ms3813@srmist.edu.in,7!9@XbEN,DATA STRUCTURES AND ALGORITHMS,59,69.25
Mohan Sinha,ms3813@srmist.edu.in,7!9@XbEN,DATA STRUCTURES AND ALGORITHMS LAB,35,72.24
Mohan Sinha,ms3813@srmist.edu.in,7!9@XbEN,PROFESSIONAL ETHICS,56,89.55
Mohan Sinha,ms3813@srmist.edu.in,7!9@XbEN,OBJECT ORIENTED DESIGN AND PROGRAMMING,48,74.12
Mohan Sinha,ms3813@srmist.edu.in,7!9@XbEN,RASPBERRY PI FUNDAMENTALS,44,87.11
Abhinav Joshi,aj8966@srmist.edu.in,f%eCp*!F,UHV-II,39,82.77
Abhinav Joshi,aj8966@srmist.edu.in,f%eCp*!F,COMPUTER ORGANIZATION AND ARCHITECTURE,42,70.11
Abhinav Joshi,aj8966@srmist.edu.in,f%eCp*!F,ADVANCED PROGRAMMING PRACTICE,45,59.18
Abhinav Joshi,aj8966@srmist.edu.in,f%eCp*!F,DATA STRUCTURES AND ALGORITHMS,45,60.42
Abhinav Joshi,aj8966@srmist.edu.in,f%eCp*!F,DATA STRUCTURES AND ALGORITHMS LAB,51,51.88
Abhinav Joshi,aj8966@srmist.edu.in,f%eCp*!F,PROFESSIONAL ETHICS,40,73.79
Abhinav Joshi,aj8966@srmist.edu.in,f%eCp*!F,OBJECT ORIENTED DESIGN AND PROGRAMMING,47,85.02
Abhinav Joshi,aj8966@srmist.edu.in,f%eCp*!F,RASPBERRY PI FUNDAMENTALS,38,60.62
Nikhil Basak,nb0067@srmist.edu.in,rE6cw&t6,UHV-II,33,69.43
Nikhil Basak,nb0067@srmist.edu.in,rE6cw&t6,COMPUTER ORGANIZATION AND ARCHITECTURE,45,51.15
Nikhil Basak,nb0067@srmist.edu.in,rE6cw&t6,ADVANCED PROGRAMMING PRACTICE,30,52.6
Nikhil Basak,nb0067@srmist.edu.in,rE6cw&t6,DATA STRUCTURES AND ALGORITHMS,44,81.23
Nikhil Basak,nb0067@srmist.edu.in,rE6cw&t6,DATA STRUCTURES AND ALGORITHMS LAB,38,77.28
Nikhil Basak,nb0067@srmist.edu.in,rE6cw&t6,PROFESSIONAL ETHICS,32,71.91
Nikhil Basak,nb0067@srmist.edu.in,rE6cw&t6,OBJECT ORIENTED DESIGN AND PROGRAMMING,51,88.89
Nikhil Basak,nb0067@srmist.edu.in,rE6cw&t6,RASPBERRY PI FUNDAMENTALS,55,80.36
Vivaan Prasad,vp8434@srmist.edu.in,X2vRVGZ0,UHV-II,30,78.09
Vivaan Prasad,vp8434@srmist.edu.in,X2vRVGZ0,COMPUTER ORGANIZATION AND ARCHITECTURE,37,89.75
Vivaan Prasad,vp8434@srmist.edu.in,X2vRVGZ0,ADVANCED PROGRAMMING PRACTICE,47,89.1
Vivaan Prasad,vp8434@srmist.edu.in,X2vRVGZ0,DATA STRUCTURES AND ALGORITHMS,51,62.94
Vivaan Prasad,vp8434@srmist.edu.in,X2vRVGZ0,DATA STRUCTURES AND ALGORITHMS LAB,37,90.28
Vivaan Prasad,vp8434@srmist.edu.in,X2vRVGZ0,PROFESSIONAL ETHICS,30,63.08
Vivaan Prasad,vp8434@srmist.edu.in,X2vRVGZ0,OBJECT ORIENTED DESIGN AND PROGRAMMING,35,73.97
Vivaan Prasad,vp8434@srmist.edu.in,X2vRVGZ0,RASPBERRY PI FUNDAMENTALS,44,71.93
Diya Sinha,ds8504@srmist.edu.in,L!*DNcE$,UHV-II,42,63.64
Diya Sinha,ds8504@srmist.edu.in,L!*DNcE$,COMPUTER ORGANIZATION AND ARCHITECTURE,34,65.19
Diya Sinha,ds8504@srmist.edu.in,L!*DNcE$,ADVANCED PROGRAMMING PRACTICE,42,57.71
Diya Sinha,ds8504@srmist.edu.in,L!*DNcE$,DATA STRUCTURES AND ALGORITHMS,40,77.91
Diya Sinha,ds8504@srmist.edu.in,L!*DNcE$,DATA STRUCTURES AND ALGORITHMS LAB,41,86.03
Diya Sinha,ds8504@srmist.edu.in,L!*DNcE$,PROFESSIONAL ETHICS,35,51.95
Diya Sinha,ds8504@srmist.edu.in,L!*DNcE$,OBJECT ORIENTED DESIGN AND PROGRAMMING,43,62.57
Diya Sinha,ds8504@srmist.edu.in,L!*DNcE$,RASPBERRY PI FUNDAMENTALS,52,97.74
Nikhil Joshi,nj8758@srmist.edu.in,fKWORAYa,UHV-II,46,66.49
Nikhil Joshi,nj8758@srmist.edu.in,fKWORAYa,COMPUTER ORGANIZATION AND ARCHITECTURE,44,50.92
Nikhil Joshi,nj8758@srmist.edu.in,fKWORAYa,ADVANCED PROGRAMMING PRACTICE,42,68.44
Nikhil Joshi,nj8758@srmist.edu.in,fKWORAYa,DATA STRUCTURES AND ALGORITHMS,60,65.05
Nikhil Joshi,nj8758@srmist.edu.in,fKWORAYa,DATA STRUCTURES AND ALGORITHMS LAB,31,61.27
Nikhil Joshi,nj8758@srmist.edu.in,fKWORAYa,PROFESSIONAL ETHICS,58,91.8
Nikhil Joshi,nj8758@srmist.edu.in,fKWORAYa,OBJECT ORIENTED DESIGN AND PROGRAMMING,37,76.86
Nikhil Joshi,nj8758@srmist.edu.in,fKWORAYa,RASPBERRY PI FUNDAMENTALS,37,57.66
Rekha Dey,rd2888@srmist.edu.in,PYZI3AUN,UHV-II,30,74.82
Rekha Dey,rd2888@srmist.edu.in,PYZI3AUN,COMPUTER ORGANIZATION AND ARCHITECTURE,59,52.57
Rekha Dey,rd2888@srmist.edu.in,PYZI3AUN,ADVANCED PROGRAMMING PRACTICE,57,58.28
Rekha Dey,rd2888@srmist.edu.in,PYZI3AUN,DATA STRUCTURES AND ALGORITHMS,34,97.26
Rekha Dey,rd2888@srmist.edu.in,PYZI3AUN,DATA STRUCTURES AND ALGORITHMS LAB,37,69.31
Rekha Dey,rd2888@srmist.edu.in,PYZI3AUN,PROFESSIONAL ETHICS,33,86.12
Rekha Dey,rd2888@srmist.edu.in,PYZI3AUN,OBJECT ORIENTED DESIGN AND PROGRAMMING,57,74.66
Rekha Dey,rd2888@srmist.edu.in,PYZI3AUN,RASPBERRY PI FUNDAMENTALS,30,79.26
Akash Mahajan,am3609@srmist.edu.in,V2i7juH@,UHV-II,57,77.78
Akash Mahajan,am3609@srmist.edu.in,V2i7juH@,COMPUTER ORGANIZATION AND ARCHITECTURE,48,83.37
Akash Mahajan,am3609@srmist.edu.in,V2i7juH@,ADVANCED PROGRAMMING PRACTICE,42,52.0
Akash Mahajan,am3609@srmist.edu.in,V2i7juH@,DATA STRUCTURES AND ALGORITHMS,33,57.59
Akash Mahajan,am3609@srmist.edu.in,V2i7juH@,DATA STRUCTURES AND ALGORITHMS LAB,51,77.55
Akash Mahajan,am3609@srmist.edu.in,V2i7juH@,PROFESSIONAL ETHICS,48,68.0
Akash Mahajan,am3609@srmist.edu.in,V2i7juH@,OBJECT ORIENTED DESIGN AND PROGRAMMING,51,90.27
Akash Mahajan,am3609@srmist.edu.in,V2i7juH@,RASPBERRY PI FUNDAMENTALS,46,89.0
Harini Shukla,hs2469@srmist.edu.in,i1#BfgMU,UHV-II,33,69.98
Harini Shukla,hs2469@srmist.edu.in,i1#BfgMU,COMPUTER ORGANIZATION AND ARCHITECTURE,45,99.46
Harini Shukla,hs2469@srmist.edu.in,i1#BfgMU,ADVANCED PROGRAMMING PRACTICE,33,76.01
Harini Shukla,hs2469@srmist.edu.in,i1#BfgMU,DATA STRUCTURES AND ALGORITHMS,56,87.22
Harini Shukla,hs2469@srmist.edu.in,i1#BfgMU,DATA STRUCTURES AND ALGORITHMS LAB,42,78.36
Harini Shukla,hs2469@srmist.edu.in,i1#BfgMU,PROFESSIONAL ETHICS,37,95.73
Harini Shukla,hs2469@srmist.edu.in,i1#BfgMU,OBJECT ORIENTED DESIGN AND PROGRAMMING,41,53.96
Harini Shukla,hs2469@srmist.edu.in,i1#BfgMU,RASPBERRY PI FUNDAMENTALS,44,52.64
Vihaan Bhat,vb5147@srmist.edu.in,2yjI&a*n,UHV-II,59,57.71
Vihaan Bhat,vb5147@srmist.edu.in,2yjI&a*n,COMPUTER ORGANIZATION AND ARCHITECTURE,43,57.32
Vihaan Bhat,vb5147@srmist.edu.in,2yjI&a*n,ADVANCED PROGRAMMING PRACTICE,40,91.41
Vihaan Bhat,vb5147@srmist.edu.in,2yjI&a*n,DATA STRUCTURES AND ALGORITHMS,41,79.98
Vihaan Bhat,vb5147@srmist.edu.in,2yjI&a*n,DATA STRUCTURES AND ALGORITHMS LAB,57,77.25
Vihaan Bhat,vb5147@srmist.edu.in,2yjI&a*n,PROFESSIONAL ETHICS,57,53.61
Vihaan Bhat,vb5147@srmist.edu.in,2yjI&a*n,OBJECT ORIENTED DESIGN AND PROGRAMMING,49,60.73
Vihaan Bhat,vb5147@srmist.edu.in,2yjI&a*n,RASPBERRY PI FUNDAMENTALS,57,84.77
Krishna Kulkarni,kk0589@srmist.edu.in,KiTxowy!,UHV-II,41,93.57
Krishna Kulkarni,kk0589@srmist.edu.in,KiTxowy!,COMPUTER ORGANIZATION AND ARCHITECTURE,33,78.55
Krishna Kulkarni,kk0589@srmist.edu.in,KiTxowy!,ADVANCED PROGRAMMING PRACTICE,56,63.31
Krishna Kulkarni,kk0589@srmist.edu.in,KiTxowy!,DATA STRUCTURES AND ALGORITHMS,47,71.92
Krishna Kulkarni,kk0589@srmist.edu.in,KiTxowy!,DATA STRUCTURES AND ALGORITHMS LAB,43,94.15
Krishna Kulkarni,kk0589@srmist.edu.in,KiTxowy!,PROFESSIONAL ETHICS,46,74.91
Krishna Kulkarni,kk0589@srmist.edu.in,KiTxowy!,OBJECT ORIENTED DESIGN AND PROGRAMMING,56,99.29
Krishna Kulkarni,kk0589@srmist.edu.in,KiTxowy!,RASPBERRY PI FUNDAMENTALS,49,82.54
Shreya Basak,sb9263@srmist.edu.in,GXPG#UHP,UHV-II,58,68.75
Shreya Basak,sb9263@srmist.edu.in,GXPG#UHP,COMPUTER ORGANIZATION AND ARCHITECTURE,35,95.94
Shreya Basak,sb9263@srmist.edu.in,GXPG#UHP,ADVANCED PROGRAMMING PRACTICE,56,69.49
Shreya Basak,sb9263@srmist.edu.in,GXPG#UHP,DATA STRUCTURES AND ALGORITHMS,46,92.63
Shreya Basak,sb9263@srmist.edu.in,GXPG#UHP,DATA STRUCTURES AND ALGORITHMS LAB,54,75.23
Shreya Basak,sb9263@srmist.edu.in,GXPG#UHP,PROFESSIONAL ETHICS,34,60.37
Shreya Basak,sb9263@srmist.edu.in,GXPG#UHP,OBJECT ORIENTED DESIGN AND PROGRAMMING,37,98.12
Shreya Basak,sb9263@srmist.edu.in,GXPG#UHP,RASPBERRY PI FUNDAMENTALS,57,52.54
Harsha Yadav,hy7667@srmist.edu.in,cIlE59Y$,UHV-II,34,99.86
Harsha Yadav,hy7667@srmist.edu.in,cIlE59Y$,COMPUTER ORGANIZATION AND ARCHITECTURE,60,75.22
Harsha Yadav,hy7667@srmist.edu.in,cIlE59Y$,ADVANCED PROGRAMMING PRACTICE,59,84.81
Harsha Yadav,hy7667@srmist.edu.in,cIlE59Y$,DATA STRUCTURES AND ALGORITHMS,32,84.91
Harsha Yadav,hy7667@srmist.edu.in,cIlE59Y$,DATA STRUCTURES AND ALGORITHMS LAB,35,61.0
Harsha Yadav,hy7667@srmist.edu.in,cIlE59Y$,PROFESSIONAL ETHICS,41,64.13
Harsha Yadav,hy7667@srmist.edu.in,cIlE59Y$,OBJECT ORIENTED DESIGN AND PROGRAMMING,48,68.07
Harsha Yadav,hy7667@srmist.edu.in,cIlE59Y$,RASPBERRY PI FUNDAMENTALS,45,59.23
Bhavya Mahajan,bm4382@srmist.edu.in,CR8CHV9Z,UHV-II,54,86.87
Bhavya Mahajan,bm4382@srmist.edu.in,CR8CHV9Z,COMPUTER ORGANIZATION AND ARCHITECTURE,57,80.99
Bhavya Mahajan,bm4382@srmist.edu.in,CR8CHV9Z,ADVANCED PROGRAMMING PRACTICE,51,81.36
Bhavya Mahajan,bm4382@srmist.edu.in,CR8CHV9Z,DATA STRUCTURES AND ALGORITHMS,60,55.43
Bhavya Mahajan,bm4382@srmist.edu.in,CR8CHV9Z,DATA STRUCTURES AND ALGORITHMS LAB,57,75.31
Bhavya Mahajan,bm4382@srmist.edu.in,CR8CHV9Z,PROFESSIONAL ETHICS,52,81.01
Bhavya Mahajan,bm4382@srmist.edu.in,CR8CHV9Z,OBJECT ORIENTED DESIGN AND PROGRAMMING,46,56.87
Bhavya Mahajan,bm4382@srmist.edu.in,CR8CHV9Z,RASPBERRY PI FUNDAMENTALS,33,96.39
Aarav Joshi,aj2820@srmist.edu.in,QhPu7F6X,UHV-II,49,77.21
Aarav Joshi,aj2820@srmist.edu.in,QhPu7F6X,COMPUTER ORGANIZATION AND ARCHITECTURE,45,63.43
Aarav Joshi,aj2820@srmist.edu.in,QhPu7F6X,ADVANCED PROGRAMMING PRACTICE,58,92.0
Aarav Joshi,aj2820@srmist.edu.in,QhPu7F6X,DATA STRUCTURES AND ALGORITHMS,41,76.65
Aarav Joshi,aj2820@srmist.edu.in,QhPu7F6X,DATA STRUCTURES AND ALGORITHMS LAB,37,65.74
Aarav Joshi,aj2820@srmist.edu.in,QhPu7F6X,PROFESSIONAL ETHICS,38,82.84
Aarav Joshi,aj2820@srmist.edu.in,QhPu7F6X,OBJECT ORIENTED DESIGN AND PROGRAMMING,35,69.9
Aarav Joshi,aj2820@srmist.edu.in,QhPu7F6X,RASPBERRY PI FUNDAMENTALS,59,74.33
Saanvi Tiwari,st4198@srmist.edu.in,0cjMMbE#,UHV-II,55,71.78
Saanvi Tiwari,st4198@srmist.edu.in,0cjMMbE#,COMPUTER ORGANIZATION AND ARCHITECTURE,49,82.62
Saanvi Tiwari,st4198@srmist.edu.in,0cjMMbE#,ADVANCED PROGRAMMING PRACTICE,33,57.76
Saanvi Tiwari,st4198@srmist.edu.in,0cjMMbE#,DATA STRUCTURES AND ALGORITHMS,48,78.64
Saanvi Tiwari,st4198@srmist.edu.in,0cjMMbE#,DATA STRUCTURES AND ALGORITHMS LAB,53,72.4
Saanvi Tiwari,st4198@srmist.edu.in,0cjMMbE#,PROFESSIONAL ETHICS,46,61.6
Saanvi Tiwari,st4198@srmist.edu.in,0cjMMbE#,OBJECT ORIENTED DESIGN AND PROGRAMMING,55,64.44
Saanvi Tiwari,st4198@srmist.edu.in,0cjMMbE#,RASPBERRY PI FUNDAMENTALS,46,74.62
Tejas Chatterjee,tc8658@srmist.edu.in,lCluC!9F,UHV-II,48,77.02
Tejas Chatterjee,tc8658@srmist.edu.in,lCluC!9F,COMPUTER ORGANIZATION AND ARCHITECTURE,48,75.64
Tejas Chatterjee,tc8658@srmist.edu.in,lCluC!9F,ADVANCED PROGRAMMING PRACTICE,34,87.35
Tejas Chatterjee,tc8658@srmist.edu.in,lCluC!9F,DATA STRUCTURES AND ALGORITHMS,36,80.37
Tejas Chatterjee,tc8658@srmist.edu.in,lCluC!9F,DATA STRUCTURES AND ALGORITHMS LAB,60,62.63
Tejas Chatterjee,tc8658@srmist.edu.in,lCluC!9F,PROFESSIONAL ETHICS,36,60.08
Tejas Chatterjee,tc8658@srmist.edu.in,lCluC!9F,OBJECT ORIENTED DESIGN AND PROGRAMMING,40,59.76
Tejas Chatterjee,tc8658@srmist.edu.in,lCluC!9F,RASPBERRY PI FUNDAMENTALS,35,78.12
Akash Lal,al3087@srmist.edu.in,rhR7KrgU,UHV-II,38,86.76
Akash Lal,al3087@srmist.edu.in,rhR7KrgU,COMPUTER ORGANIZATION AND ARCHITECTURE,44,84.21
Akash Lal,al3087@srmist.edu.in,rhR7KrgU,ADVANCED PROGRAMMING PRACTICE,45,73.91
Akash Lal,al3087@srmist.edu.in,rhR7KrgU,DATA STRUCTURES AND ALGORITHMS,44,71.43
Akash Lal,al3087@srmist.edu.in,rhR7KrgU,DATA STRUCTURES AND ALGORITHMS LAB,40,91.98
Akash Lal,al3087@srmist.edu.in,rhR7KrgU,PROFESSIONAL ETHICS,34,64.02
Akash Lal,al3087@srmist.edu.in,rhR7KrgU,OBJECT ORIENTED DESIGN AND PROGRAMMING,54,52.02
Akash Lal,al3087@srmist.edu.in,rhR7KrgU,RASPBERRY PI FUNDAMENTALS,46,75.21
Kiran Tiwari,kt3221@srmist.edu.in,cIPeDKrV,UHV-II,51,65.13
Kiran Tiwari,kt3221@srmist.edu.in,cIPeDKrV,COMPUTER ORGANIZATION AND ARCHITECTURE,50,91.98
Kiran Tiwari,kt3221@srmist.edu.in,cIPeDKrV,ADVANCED PROGRAMMING PRACTICE,37,97.49
Kiran Tiwari,kt3221@srmist.edu.in,cIPeDKrV,DATA STRUCTURES AND ALGORITHMS,56,84.7
Kiran Tiwari,kt3221@srmist.edu.in,cIPeDKrV,DATA STRUCTURES AND ALGORITHMS LAB,59,57.45
Kiran Tiwari,kt3221@srmist.edu.in,cIPeDKrV,PROFESSIONAL ETHICS,55,94.27
Kiran Tiwari,kt3221@srmist.edu.in,cIPeDKrV,OBJECT ORIENTED DESIGN AND PROGRAMMING,44,55.73
Kiran Tiwari,kt3221@srmist.edu.in,cIPeDKrV,RASPBERRY PI FUNDAMENTALS,55,75.06
Aarya Dey,ad1612@srmist.edu.in,87sonuXz,UHV-II,52,86.62
Aarya Dey,ad1612@srmist.edu.in,87sonuXz,COMPUTER ORGANIZATION AND ARCHITECTURE,51,82.29
Aarya Dey,ad1612@srmist.edu.in,87sonuXz,ADVANCED PROGRAMMING PRACTICE,41,59.77
Aarya Dey,ad1612@srmist.edu.in,87sonuXz,DATA STRUCTURES AND ALGORITHMS,31,60.06
Aarya Dey,ad1612@srmist.edu.in,87sonuXz,DATA STRUCTURES AND ALGORITHMS LAB,41,91.55
Aarya Dey,ad1612@srmist.edu.in,87sonuXz,PROFESSIONAL ETHICS,40,72.39
Aarya Dey,ad1612@srmist.edu.in,87sonuXz,OBJECT ORIENTED DESIGN AND PROGRAMMING,51,84.24
Aarya Dey,ad1612@srmist.edu.in,87sonuXz,RASPBERRY PI FUNDAMENTALS,54,53.11
Riya Jain,rj2958@srmist.edu.in,aOJC5%@&,UHV-II,57,68.82
Riya Jain,rj2958@srmist.edu.in,aOJC5%@&,COMPUTER ORGANIZATION AND ARCHITECTURE,55,79.95
Riya Jain,rj2958@srmist.edu.in,aOJC5%@&,ADVANCED PROGRAMMING PRACTICE,50,64.05
Riya Jain,rj2958@srmist.edu.in,aOJC5%@&,DATA STRUCTURES AND ALGORITHMS,32,71.32
Riya Jain,rj2958@srmist.edu.in,aOJC5%@&,DATA STRUCTURES AND ALGORITHMS LAB,51,59.67
Riya Jain,rj2958@srmist.edu.in,aOJC5%@&,PROFESSIONAL ETHICS,46,56.64
Riya Jain,rj2958@srmist.edu.in,aOJC5%@&,OBJECT ORIENTED DESIGN AND PROGRAMMING,32,89.6
Riya Jain,rj2958@srmist.edu.in,aOJC5%@&,RASPBERRY PI FUNDAMENTALS,46,80.29
Ishaan Bose,ib9673@srmist.edu.in,G#@q74%c,UHV-II,56,57.77
Ishaan Bose,ib9673@srmist.edu.in,G#@q74%c,COMPUTER ORGANIZATION AND ARCHITECTURE,54,85.05
Ishaan Bose,ib9673@srmist.edu.in,G#@q74%c,ADVANCED PROGRAMMING PRACTICE,43,74.15
Ishaan Bose,ib9673@srmist.edu.in,G#@q74%c,DATA STRUCTURES AND ALGORITHMS,36,75.4
Ishaan Bose,ib9673@srmist.edu.in,G#@q74%c,DATA STRUCTURES AND ALGORITHMS LAB,45,69.36
Ishaan Bose,ib9673@srmist.edu.in,G#@q74%c,PROFESSIONAL ETHICS,41,71.84
Ishaan Bose,ib9673@srmist.edu.in,G#@q74%c,OBJECT ORIENTED DESIGN AND PROGRAMMING,55,77.71
Ishaan Bose,ib9673@srmist.edu.in,G#@q74%c,RASPBERRY PI FUNDAMENTALS,55,78.62
Diya Chauhan,dc0790@srmist.edu.in,gWXN$1&t,UHV-II,40,91.42
Diya Chauhan,dc0790@srmist.edu.in,gWXN$1&t,COMPUTER ORGANIZATION AND ARCHITECTURE,41,95.81
Diya Chauhan,dc0790@srmist.edu.in,gWXN$1&t,ADVANCED PROGRAMMING PRACTICE,34,59.67
Diya Chauhan,dc0790@srmist.edu.in,gWXN$1&t,DATA STRUCTURES AND ALGORITHMS,57,91.63
Diya Chauhan,dc0790@srmist.edu.in,gWXN$1&t,DATA STRUCTURES AND ALGORITHMS LAB,45,60.46
Diya Chauhan,dc0790@srmist.edu.in,gWXN$1&t,PROFESSIONAL ETHICS,40,87.67
Diya Chauhan,dc0790@srmist.edu.in,gWXN$1&t,OBJECT ORIENTED DESIGN AND PROGRAMMING,42,60.07
Diya Chauhan,dc0790@srmist.edu.in,gWXN$1&t,RASPBERRY PI FUNDAMENTALS,47,75.54
Vikram Jain,vj3071@srmist.edu.in,kjROC0#X,UHV-II,56,77.21
Vikram Jain,vj3071@srmist.edu.in,kjROC0#X,COMPUTER ORGANIZATION AND ARCHITECTURE,58,98.94
Vikram Jain,vj3071@srmist.edu.in,kjROC0#X,ADVANCED PROGRAMMING PRACTICE,44,62.75
Vikram Jain,vj3071@srmist.edu.in,kjROC0#X,DATA STRUCTURES AND ALGORITHMS,56,87.79
Vikram Jain,vj3071@srmist.edu.in,kjROC0#X,DATA STRUCTURES AND ALGORITHMS LAB,39,60.92
Vikram Jain,vj3071@srmist.edu.in,kjROC0#X,PROFESSIONAL ETHICS,59,87.9
Vikram Jain,vj3071@srmist.edu.in,kjROC0#X,OBJECT ORIENTED DESIGN AND PROGRAMMING,60,86.23
Vikram Jain,vj3071@srmist.edu.in,kjROC0#X,RASPBERRY PI FUNDAMENTALS,36,82.5
Aarav Dey,ad1212@srmist.edu.in,lg0mb$Q3,UHV-II,49,55.03
Aarav Dey,ad1212@srmist.edu.in,lg0mb$Q3,COMPUTER ORGANIZATION AND ARCHITECTURE,60,98.45
Aarav Dey,ad1212@srmist.edu.in,lg0mb$Q3,ADVANCED PROGRAMMING PRACTICE,47,88.07
Aarav Dey,ad1212@srmist.edu.in,lg0mb$Q3,DATA STRUCTURES AND ALGORITHMS,52,70.37
Aarav Dey,ad1212@srmist.edu.in,lg0mb$Q3,DATA STRUCTURES AND ALGORITHMS LAB,58,83.46
Aarav Dey,ad1212@srmist.edu.in,lg0mb$Q3,PROFESSIONAL ETHICS,54,66.47
Aarav Dey,ad1212@srmist.edu.in,lg0mb$Q3,OBJECT ORIENTED DESIGN AND PROGRAMMING,48,88.41
Aarav Dey,ad1212@srmist.edu.in,lg0mb$Q3,RASPBERRY PI FUNDAMENTALS,38,96.31
Shruti Mishra,sm6492@srmist.edu.in,#HifMRYM,UHV-II,52,67.56
Shruti Mishra,sm6492@srmist.edu.in,#HifMRYM,COMPUTER ORGANIZATION AND ARCHITECTURE,34,93.38
Shruti Mishra,sm6492@srmist.edu.in,#HifMRYM,ADVANCED PROGRAMMING PRACTICE,58,88.31
Shruti Mishra,sm6492@srmist.edu.in,#HifMRYM,DATA STRUCTURES AND ALGORITHMS,49,83.22
Shruti Mishra,sm6492@srmist.edu.in,#HifMRYM,DATA STRUCTURES AND ALGORITHMS LAB,53,96.0
Shruti Mishra,sm6492@srmist.edu.in,#HifMRYM,PROFESSIONAL ETHICS,35,98.61
Shruti Mishra,sm6492@srmist.edu.in,#HifMRYM,OBJECT ORIENTED DESIGN AND PROGRAMMING,51,62.77
Shruti Mishra,sm6492@srmist.edu.in,#HifMRYM,RASPBERRY PI FUNDAMENTALS,55,51.18
Lakshmi Lal,ll7484@srmist.edu.in,o2fmt7qn,UHV-II,54,80.81
Lakshmi Lal,ll7484@srmist.edu.in,o2fmt7qn,COMPUTER ORGANIZATION AND ARCHITECTURE,36,94.56
Lakshmi Lal,ll7484@srmist.edu.in,o2fmt7qn,ADVANCED PROGRAMMING PRACTICE,39,53.65
Lakshmi Lal,ll7484@srmist.edu.in,o2fmt7qn,DATA STRUCTURES AND ALGORITHMS,51,65.85
Lakshmi Lal,ll7484@srmist.edu.in,o2fmt7qn,DATA STRUCTURES AND ALGORITHMS LAB,57,73.36
Lakshmi Lal,ll7484@srmist.edu.in,o2fmt7qn,PROFESSIONAL ETHICS,37,65.11
Lakshmi Lal,ll7484@srmist.edu.in,o2fmt7qn,OBJECT ORIENTED DESIGN AND PROGRAMMING,56,87.47
Lakshmi Lal,ll7484@srmist.edu.in,o2fmt7qn,RASPBERRY PI FUNDAMENTALS,35,81.03
Arjun Kulkarni,ak5736@srmist.edu.in,r*gOb!6A,UHV-II,59,73.92
Arjun Kulkarni,ak5736@srmist.edu.in,r*gOb!6A,COMPUTER ORGANIZATION AND ARCHITECTURE,37,91.53
Arjun Kulkarni,ak5736@srmist.edu.in,r*gOb!6A,ADVANCED PROGRAMMING PRACTICE,53,72.21
Arjun Kulkarni,ak5736@srmist.edu.in,r*gOb!6A,DATA STRUCTURES AND ALGORITHMS,39,55.99
Arjun Kulkarni,ak5736@srmist.edu.in,r*gOb!6A,DATA STRUCTURES AND ALGORITHMS LAB,36,63.0
Arjun Kulkarni,ak5736@srmist.edu.in,r*gOb!6A,PROFESSIONAL ETHICS,52,91.64
Arjun Kulkarni,ak5736@srmist.edu.in,r*gOb!6A,OBJECT ORIENTED DESIGN AND PROGRAMMING,37,50.34
Arjun Kulkarni,ak5736@srmist.edu.in,r*gOb!6A,RASPBERRY PI FUNDAMENTALS,34,53.62
Shruti Sharma,ss6424@srmist.edu.in,6fycFV**,UHV-II,58,59.02
Shruti Sharma,ss6424@srmist.edu.in,6fycFV**,COMPUTER ORGANIZATION AND ARCHITECTURE,39,99.21
Shruti Sharma,ss6424@srmist.edu.in,6fycFV**,ADVANCED PROGRAMMING PRACTICE,57,56.46
Shruti Sharma,ss6424@srmist.edu.in,6fycFV**,DATA STRUCTURES AND ALGORITHMS,35,82.18
Shruti Sharma,ss6424@srmist.edu.in,6fycFV**,DATA STRUCTURES AND ALGORITHMS LAB,36,69.69
Shruti Sharma,ss6424@srmist.edu.in,6fycFV**,PROFESSIONAL ETHICS,43,74.57
Shruti Sharma,ss6424@srmist.edu.in,6fycFV**,OBJECT ORIENTED DESIGN AND PROGRAMMING,37,80.04
Shruti Sharma,ss6424@srmist.edu.in,6fycFV**,RASPBERRY PI FUNDAMENTALS,32,91.03
Shruti Khatri,sk9759@srmist.edu.in,2O6fNqVx,UHV-II,42,87.26
Shruti Khatri,sk9759@srmist.edu.in,2O6fNqVx,COMPUTER ORGANIZATION AND ARCHITECTURE,46,70.82
Shruti Khatri,sk9759@srmist.edu.in,2O6fNqVx,ADVANCED PROGRAMMING PRACTICE,40,77.61
Shruti Khatri,sk9759@srmist.edu.in,2O6fNqVx,DATA STRUCTURES AND ALGORITHMS,59,62.96
Shruti Khatri,sk9759@srmist.edu.in,2O6fNqVx,DATA STRUCTURES AND ALGORITHMS LAB,56,88.09
Shruti Khatri,sk9759@srmist.edu.in,2O6fNqVx,PROFESSIONAL ETHICS,59,96.07
Shruti Khatri,sk9759@srmist.edu.in,2O6fNqVx,OBJECT ORIENTED DESIGN AND PROGRAMMING,60,58.23
Shruti Khatri,sk9759@srmist.edu.in,2O6fNqVx,RASPBERRY PI FUNDAMENTALS,32,93.85
Siddharth Khatri,sk0934@srmist.edu.in,E3E8J24K,UHV-II,35,85.52
Siddharth Khatri,sk0934@srmist.edu.in,E3E8J24K,COMPUTER ORGANIZATION AND ARCHITECTURE,42,67.96
Siddharth Khatri,sk0934@srmist.edu.in,E3E8J24K,ADVANCED PROGRAMMING PRACTICE,41,98.9
Siddharth Khatri,sk0934@srmist.edu.in,E3E8J24K,DATA STRUCTURES AND ALGORITHMS,49,78.74
Siddharth Khatri,sk0934@srmist.edu.in,E3E8J24K,DATA STRUCTURES AND ALGORITHMS LAB,43,51.38
Siddharth Khatri,sk0934@srmist.edu.in,E3E8J24K,PROFESSIONAL ETHICS,31,66.69
Siddharth Khatri,sk0934@srmist.edu.in,E3E8J24K,OBJECT ORIENTED DESIGN AND PROGRAMMING,30,92.2
Siddharth Khatri,sk0934@srmist.edu.in,E3E8J24K,RASPBERRY PI FUNDAMENTALS,35,96.35
Sneha Verma,sv6494@srmist.edu.in,%YQGcRTB,UHV-II,36,58.58
Sneha Verma,sv6494@srmist.edu.in,%YQGcRTB,COMPUTER ORGANIZATION AND ARCHITECTURE,32,86.83
Sneha Verma,sv6494@srmist.edu.in,%YQGcRTB,ADVANCED PROGRAMMING PRACTICE,39,60.28
Sneha Verma,sv6494@srmist.edu.in,%YQGcRTB,DATA STRUCTURES AND ALGORITHMS,57,90.3
Sneha Verma,sv6494@srmist.edu.in,%YQGcRTB,DATA STRUCTURES AND ALGORITHMS LAB,34,88.89
Sneha Verma,sv6494@srmist.edu.in,%YQGcRTB,PROFESSIONAL ETHICS,55,59.96
Sneha Verma,sv6494@srmist.edu.in,%YQGcRTB,OBJECT ORIENTED DESIGN AND PROGRAMMING,38,80.76
Sneha Verma,sv6494@srmist.edu.in,%YQGcRTB,RASPBERRY PI FUNDAMENTALS,36,57.32
Tejas Khatri,tk3246@srmist.edu.in,F!LWRE*x,UHV-II,58,98.65
Tejas Khatri,tk3246@srmist.edu.in,F!LWRE*x,COMPUTER ORGANIZATION AND ARCHITECTURE,43,84.45
Tejas Khatri,tk3246@srmist.edu.in,F!LWRE*x,ADVANCED PROGRAMMING PRACTICE,35,50.43
Tejas Khatri,tk3246@srmist.edu.in,F!LWRE*x,DATA STRUCTURES AND ALGORITHMS,34,71.27
Tejas Khatri,tk3246@srmist.edu.in,F!LWRE*x,DATA STRUCTURES AND ALGORITHMS LAB,60,62.83
Tejas Khatri,tk3246@srmist.edu.in,F!LWRE*x,PROFESSIONAL ETHICS,58,77.42
Tejas Khatri,tk3246@srmist.edu.in,F!LWRE*x,OBJECT ORIENTED DESIGN AND PROGRAMMING,47,89.42
Tejas Khatri,tk3246@srmist.edu.in,F!LWRE*x,RASPBERRY PI FUNDAMENTALS,51,62.76
Manish Das,md0871@srmist.edu.in,nUi@y*$@,UHV-II,37,98.96
Manish Das,md0871@srmist.edu.in,nUi@y*$@,COMPUTER ORGANIZATION AND ARCHITECTURE,55,66.24
Manish Das,md0871@srmist.edu.in,nUi@y*$@,ADVANCED PROGRAMMING PRACTICE,60,89.3
Manish Das,md0871@srmist.edu.in,nUi@y*$@,DATA STRUCTURES AND ALGORITHMS,32,97.32
Manish Das,md0871@srmist.edu.in,nUi@y*$@,DATA STRUCTURES AND ALGORITHMS LAB,40,88.82
Manish Das,md0871@srmist.edu.in,nUi@y*$@,PROFESSIONAL ETHICS,58,78.65
Manish Das,md0871@srmist.edu.in,nUi@y*$@,OBJECT ORIENTED DESIGN AND PROGRAMMING,59,79.52
Manish Das,md0871@srmist.edu.in,nUi@y*$@,RASPBERRY PI FUNDAMENTALS,52,73.57
Neha Shetty,ns3679@srmist.edu.in,twFCRjZG,UHV-II,53,91.17
Neha Shetty,ns3679@srmist.edu.in,twFCRjZG,COMPUTER ORGANIZATION AND ARCHITECTURE,35,96.04
Neha Shetty,ns3679@srmist.edu.in,twFCRjZG,ADVANCED PROGRAMMING PRACTICE,43,94.65
Neha Shetty,ns3679@srmist.edu.in,twFCRjZG,DATA STRUCTURES AND ALGORITHMS,41,51.74
Neha Shetty,ns3679@srmist.edu.in,twFCRjZG,DATA STRUCTURES AND ALGORITHMS LAB,51,78.76
Neha Shetty,ns3679@srmist.edu.in,twFCRjZG,PROFESSIONAL ETHICS,60,64.12
Neha Shetty,ns3679@srmist.edu.in,twFCRjZG,OBJECT ORIENTED DESIGN AND PROGRAMMING,48,89.5
Neha Shetty,ns3679@srmist.edu.in,twFCRjZG,RASPBERRY PI FUNDAMENTALS,44,77.32
Abhinav Gupta,ag2147@srmist.edu.in,V2g71%cj,UHV-II,49,83.06
Abhinav Gupta,ag2147@srmist.edu.in,V2g71%cj,COMPUTER ORGANIZATION AND ARCHITECTURE,55,51.07
Abhinav Gupta,ag2147@srmist.edu.in,V2g71%cj,ADVANCED PROGRAMMING PRACTICE,55,70.34
Abhinav Gupta,ag2147@srmist.edu.in,V2g71%cj,DATA STRUCTURES AND ALGORITHMS,47,70.42
Abhinav Gupta,ag2147@srmist.edu.in,V2g71%cj,DATA STRUCTURES AND ALGORITHMS LAB,38,51.45
Abhinav Gupta,ag2147@srmist.edu.in,V2g71%cj,PROFESSIONAL ETHICS,51,89.06
Abhinav Gupta,ag2147@srmist.edu.in,V2g71%cj,OBJECT ORIENTED DESIGN AND PROGRAMMING,52,62.65
Abhinav Gupta,ag2147@srmist.edu.in,V2g71%cj,RASPBERRY PI FUNDAMENTALS,30,66.25
Srihari Srivathsan,ss4315@srmist.edu.in,abcd1234,UHV-II,57,77.42
Srihari Srivathsan,ss4315@srmist.edu.in,abcd1234,COMPUTER ORGANIZATION AND ARCHITECTURE,48,89.11
Srihari Srivathsan,ss4315@srmist.edu.in,abcd1234,ADVANCED PROGRAMMING PRACTICE,58,55.44
Srihari Srivathsan,ss4315@srmist.edu.in,abcd1234,DATA STRUCTURES AND ALGORITHMS,32,52.18
Srihari Srivathsan,ss4315@srmist.edu.in,abcd1234,DATA STRUCTURES AND ALGORITHMS LAB,58,75.19
Srihari Srivathsan,ss4315@srmist.edu.in,abcd1234,PROFESSIONAL ETHICS,44,92.91
Srihari Srivathsan,ss4315@srmist.edu.in,abcd1234,OBJECT ORIENTED DESIGN AND PROGRAMMING,46,87.22
Srihari Srivathsan,ss4315@srmist.edu.in,abcd1234,RASPBERRY PI FUNDAMENTALS,58,50.01
